-- A. Insertion de données dans eleves (30 enregistrements)
INSERT INTO eleves (eleve_id, nom, prenom, email, password, classe, specialite, filiere, lieu)
VALUES (1, 'Dupont', 'Jean', 'jean.dupont@example.com', 'pass123', 'Terminale', 'Sciences', 'S', 'Cergy');
INSERT INTO eleves (eleve_id, nom, prenom, email, password, classe, specialite, filiere, lieu)
VALUES (2, 'Martin', 'Sophie', 'sophie.martin@example.com', 'pass456', 'Première', 'Lettres', 'L', 'Pau');
INSERT INTO eleves (eleve_id, nom, prenom, email, password, classe, specialite, filiere, lieu)
VALUES (3, 'Durand', 'Paul', 'paul.durand@example.com', 'pass789', 'Terminale', 'Économie', 'E', 'Cergy');
INSERT INTO eleves (eleve_id, nom, prenom, email, password, classe, specialite, filiere, lieu)
VALUES (4, 'Moreau', 'Claire', 'claire.moreau@example.com', 'pass321', 'Seconde', 'Sciences', 'S', 'Pau');
INSERT INTO eleves (eleve_id, nom, prenom, email, password, classe, specialite, filiere, lieu)
VALUES (5, 'Lefevre', 'Luc', 'luc.lefevre@example.com', 'pass654', 'Première', 'Économie', 'E', 'Cergy');
INSERT INTO eleves (eleve_id, nom, prenom, email, password, classe, specialite, filiere, lieu)
VALUES (6, 'Girard', 'Emma', 'emma.girard@example.com', 'pass987', 'Terminale', 'Lettres', 'L', 'Pau');
INSERT INTO eleves (eleve_id, nom, prenom, email, password, classe, specialite, filiere, lieu)
VALUES (7, 'Bernier', 'Chloé', 'chloe.bernier@example.com', 'pass111', 'Première', 'Sciences', 'S', 'Cergy');
INSERT INTO eleves (eleve_id, nom, prenom, email, password, classe, specialite, filiere, lieu)
VALUES (8, 'Petit', 'Louis', 'louis.petit@example.com', 'pass222', 'Terminale', 'Lettres', 'L', 'Pau');
INSERT INTO eleves (eleve_id, nom, prenom, email, password, classe, specialite, filiere, lieu)
VALUES (9, 'Robert', 'Marie', 'marie.robert@example.com', 'pass333', 'Seconde', 'Économie', 'E', 'Cergy');
INSERT INTO eleves (eleve_id, nom, prenom, email, password, classe, specialite, filiere, lieu)
VALUES (10, 'Morel', 'Antoine', 'antoine.morel@example.com', 'pass444', 'Première', 'Sciences', 'S', 'Pau');
INSERT INTO eleves (eleve_id, nom, prenom, email, password, classe, specialite, filiere, lieu)
VALUES (11, 'Garcia', 'Sofia', 'sofia.garcia@example.com', 'pass555', 'Terminale', 'Lettres', 'L', 'Cergy');
INSERT INTO eleves (eleve_id, nom, prenom, email, password, classe, specialite, filiere, lieu)
VALUES (12, 'Roux', 'Victor', 'victor.roux@example.com', 'pass666', 'Seconde', 'Économie', 'E', 'Pau');
INSERT INTO eleves (eleve_id, nom, prenom, email, password, classe, specialite, filiere, lieu)
VALUES (13, 'Blanc', 'Emma', 'emma.blanc@example.com', 'pass777', 'Première', 'Sciences', 'S', 'Cergy');
INSERT INTO eleves (eleve_id, nom, prenom, email, password, classe, specialite, filiere, lieu)
VALUES (14, 'Garnier', 'Lucas', 'lucas.garnier@example.com', 'pass888', 'Terminale', 'Lettres', 'L', 'Pau');
INSERT INTO eleves (eleve_id, nom, prenom, email, password, classe, specialite, filiere, lieu)
VALUES (15, 'Chevalier', 'Clara', 'clara.chevalier@example.com', 'pass999', 'Seconde', 'Économie', 'E', 'Cergy');
INSERT INTO eleves (eleve_id, nom, prenom, email, password, classe, specialite, filiere, lieu)
VALUES (16, 'Lambert', 'Théo', 'theo.lambert@example.com', 'pass101', 'Première', 'Sciences', 'S', 'Pau');
INSERT INTO eleves (eleve_id, nom, prenom, email, password, classe, specialite, filiere, lieu)
VALUES (17, 'Fontaine', 'Juliette', 'juliette.fontaine@example.com', 'pass202', 'Terminale', 'Lettres', 'L', 'Cergy');
INSERT INTO eleves (eleve_id, nom, prenom, email, password, classe, specialite, filiere, lieu)
VALUES (18, 'Marchand', 'Noah', 'noah.marchand@example.com', 'pass303', 'Seconde', 'Économie', 'E', 'Pau');
INSERT INTO eleves (eleve_id, nom, prenom, email, password, classe, specialite, filiere, lieu)
VALUES (19, 'Dupuis', 'Lola', 'lola.dupuis@example.com', 'pass404', 'Première', 'Sciences', 'S', 'Cergy');
INSERT INTO eleves (eleve_id, nom, prenom, email, password, classe, specialite, filiere, lieu)
VALUES (20, 'Perrin', 'Gabriel', 'gabriel.perrin@example.com', 'pass505', 'Terminale', 'Lettres', 'L', 'Pau');
INSERT INTO eleves (eleve_id, nom, prenom, email, password, classe, specialite, filiere, lieu)
VALUES (21, 'Renard', 'Chloé', 'chloe.renard@example.com', 'pass606', 'Seconde', 'Économie', 'E', 'Cergy');
INSERT INTO eleves (eleve_id, nom, prenom, email, password, classe, specialite, filiere, lieu)
VALUES (22, 'Leclerc', 'Hugo', 'hugo.leclerc@example.com', 'pass707', 'Première', 'Sciences', 'S', 'Pau');
INSERT INTO eleves (eleve_id, nom, prenom, email, password, classe, specialite, filiere, lieu)
VALUES (23, 'Gauthier', 'Manon', 'manon.gauthier@example.com', 'pass808', 'Terminale', 'Lettres', 'L', 'Cergy');
INSERT INTO eleves (eleve_id, nom, prenom, email, password, classe, specialite, filiere, lieu)
VALUES (24, 'Barbier', 'Pauline', 'pauline.barbier@example.com', 'pass909', 'Seconde', 'Économie', 'E', 'Pau');
INSERT INTO eleves (eleve_id, nom, prenom, email, password, classe, specialite, filiere, lieu)
VALUES (25, 'Renaud', 'Alexandre', 'alexandre.renaud@example.com', 'pass112', 'Première', 'Sciences', 'S', 'Cergy');
INSERT INTO eleves (eleve_id, nom, prenom, email, password, classe, specialite, filiere, lieu)
VALUES (26, 'Meyer', 'Inès', 'ines.meyer@example.com', 'pass223', 'Terminale', 'Lettres', 'L', 'Pau');
INSERT INTO eleves (eleve_id, nom, prenom, email, password, classe, specialite, filiere, lieu)
VALUES (27, 'Giraud', 'Mathieu', 'mathieu.giraud@example.com', 'pass334', 'Seconde', 'Économie', 'E', 'Cergy');
INSERT INTO eleves (eleve_id, nom, prenom, email, password, classe, specialite, filiere, lieu)
VALUES (28, 'Bourgeois', 'Elena', 'elena.bourgeois@example.com', 'pass445', 'Première', 'Sciences', 'S', 'Pau');
INSERT INTO eleves (eleve_id, nom, prenom, email, password, classe, specialite, filiere, lieu)
VALUES (29, 'Rousseau', 'Julien', 'julien.rousseau@example.com', 'pass556', 'Terminale', 'Lettres', 'L', 'Cergy');
INSERT INTO eleves (eleve_id, nom, prenom, email, password, classe, specialite, filiere, lieu)
VALUES (30, 'Colin', 'Alice', 'alice.colin@example.com', 'pass667', 'Seconde', 'Économie', 'E', 'Pau');


-- B. Insertion de données dans administrateurs (30 enregistrements)
INSERT INTO administrateurs (admin_id, nom, prenom, email, password, role)
VALUES (1, 'Rousseau', 'Alice', 'alice.rousseau@example.com', 'admin123', 'Support');
INSERT INTO administrateurs (admin_id, nom, prenom, email, password, role)
VALUES (2, 'Lemoine', 'Bernard', 'bernard.lemoine@example.com', 'admin456', 'Manager');
INSERT INTO administrateurs (admin_id, nom, prenom, email, password, role)
VALUES (3, 'Fontaine', 'Caroline', 'caroline.fontaine@example.com', 'admin789', 'Support');
INSERT INTO administrateurs (admin_id, nom, prenom, email, password, role)
VALUES (4, 'Dubois', 'David', 'david.dubois@example.com', 'admin321', 'IT');
INSERT INTO administrateurs (admin_id, nom, prenom, email, password, role)
VALUES (5, 'Mercier', 'Elodie', 'elodie.mercier@example.com', 'admin654', 'Manager');
INSERT INTO administrateurs (admin_id, nom, prenom, email, password, role)
VALUES (6, 'Petit', 'Julien', 'julien.petit@example.com', 'admin111', 'Support');
INSERT INTO administrateurs (admin_id, nom, prenom, email, password, role)
VALUES (7, 'Morel', 'Sophie', 'sophie.morel@example.com', 'admin222', 'Manager');
INSERT INTO administrateurs (admin_id, nom, prenom, email, password, role)
VALUES (8, 'Durand', 'Marc', 'marc.durand@example.com', 'admin333', 'Support');
INSERT INTO administrateurs (admin_id, nom, prenom, email, password, role)
VALUES (9, 'Giraud', 'Nathalie', 'nathalie.giraud@example.com', 'admin444', 'IT');
INSERT INTO administrateurs (admin_id, nom, prenom, email, password, role)
VALUES (10, 'Lefevre', 'Pierre', 'pierre.lefevre@example.com', 'admin555', 'Support');
INSERT INTO administrateurs (admin_id, nom, prenom, email, password, role)
VALUES (11, 'Leroy', 'Isabelle', 'isabelle.leroy@example.com', 'admin666', 'Manager');
INSERT INTO administrateurs (admin_id, nom, prenom, email, password, role)
VALUES (12, 'Michel', 'Antoine', 'antoine.michel@example.com', 'admin777', 'Support');
INSERT INTO administrateurs (admin_id, nom, prenom, email, password, role)
VALUES (13, 'Bertrand', 'Claire', 'claire.bertrand@example.com', 'admin888', 'IT');
INSERT INTO administrateurs (admin_id, nom, prenom, email, password, role)
VALUES (14, 'Blanc', 'Thomas', 'thomas.blanc@example.com', 'admin999', 'Support');
INSERT INTO administrateurs (admin_id, nom, prenom, email, password, role)
VALUES (15, 'Garnier', 'Julie', 'julie.garnier@example.com', 'admin101', 'Manager');
INSERT INTO administrateurs (admin_id, nom, prenom, email, password, role)
VALUES (16, 'Roux', 'Olivier', 'olivier.roux@example.com', 'admin202', 'Support');
INSERT INTO administrateurs (admin_id, nom, prenom, email, password, role)
VALUES (17, 'Fournier', 'Sophie', 'sophie.fournier@example.com', 'admin303', 'IT');
INSERT INTO administrateurs (admin_id, nom, prenom, email, password, role)
VALUES (18, 'Moreau', 'Alexandre', 'alexandre.moreau@example.com', 'admin404', 'Support');
INSERT INTO administrateurs (admin_id, nom, prenom, email, password, role)
VALUES (19, 'Germain', 'Laura', 'laura.germain@example.com', 'admin505', 'Manager');
INSERT INTO administrateurs (admin_id, nom, prenom, email, password, role)
VALUES (20, 'Perrin', 'Mathieu', 'mathieu.perrin@example.com', 'admin606', 'Support');
INSERT INTO administrateurs (admin_id, nom, prenom, email, password, role)
VALUES (21, 'Renard', 'Elodie', 'elodie.renard@example.com', 'admin707', 'IT');
INSERT INTO administrateurs (admin_id, nom, prenom, email, password, role)
VALUES (22, 'Leclerc', 'Juliette', 'juliette.leclerc@example.com', 'admin808', 'Support');
INSERT INTO administrateurs (admin_id, nom, prenom, email, password, role)
VALUES (23, 'Gauthier', 'Maxime', 'maxime.gauthier@example.com', 'admin909', 'Manager');
INSERT INTO administrateurs (admin_id, nom, prenom, email, password, role)
VALUES (24, 'Barbier', 'Camille', 'camille.barbier@example.com', 'admin112', 'Support');
INSERT INTO administrateurs (admin_id, nom, prenom, email, password, role)
VALUES (25, 'Renaud', 'Sébastien', 'sebastien.renaud@example.com', 'admin223', 'IT');
INSERT INTO administrateurs (admin_id, nom, prenom, email, password, role)
VALUES (26, 'Meyer', 'Valérie', 'valerie.meyer@example.com', 'admin334', 'Support');
INSERT INTO administrateurs (admin_id, nom, prenom, email, password, role)
VALUES (27, 'Giraud', 'Corinne', 'corinne.giraud@example.com', 'admin445', 'Manager');
INSERT INTO administrateurs (admin_id, nom, prenom, email, password, role)
VALUES (28, 'Bourgeois', 'Dominique', 'dominique.bourgeois@example.com', 'admin556', 'Support');
INSERT INTO administrateurs (admin_id, nom, prenom, email, password, role)
VALUES (29, 'Rousseau', 'Georges', 'georges.rousseau@example.com', 'admin667', 'IT');
INSERT INTO administrateurs (admin_id, nom, prenom, email, password, role)
VALUES (30, 'Colin', 'Amandine', 'amandine.colin@example.com', 'admin778', 'Support');


-- C. Insertion de données dans tickets (30 enregistrements)
INSERT INTO tickets (ticket_id, sujet, description, statut, date_ouverture, date_fermeture, eleve_id, assigne_id)
VALUES (1, 'Problème de connexion', 'Impossible de se connecter au réseau scolaire.', 0, CURRENT_TIMESTAMP, NULL, 1, 1);
INSERT INTO tickets (ticket_id, sujet, description, statut, date_ouverture, date_fermeture, eleve_id, assigne_id)
VALUES (2, 'Erreur logicielle', 'L''application de gestion ne démarre pas.', 1, CURRENT_TIMESTAMP, NULL, 2, 2);
INSERT INTO tickets (ticket_id, sujet, description, statut, date_ouverture, date_fermeture, eleve_id, assigne_id)
VALUES (3, 'Ordinateur lent', 'Le système est très lent après la mise à jour.', 0, CURRENT_TIMESTAMP, NULL, 3, 3);
INSERT INTO tickets (ticket_id, sujet, description, statut, date_ouverture, date_fermeture, eleve_id, assigne_id)
VALUES (4, 'Impression impossible', 'Impossible d''imprimer depuis le bureau.', 2, CURRENT_TIMESTAMP, CURRENT_TIMESTAMP, 4, 1);
INSERT INTO tickets (ticket_id, sujet, description, statut, date_ouverture, date_fermeture, eleve_id, assigne_id)
VALUES (5, 'Problème d''email', 'Les emails ne se synchronisent pas correctement.', 1, CURRENT_TIMESTAMP, NULL, 5, 2);
INSERT INTO tickets (ticket_id, sujet, description, statut, date_ouverture, date_fermeture, eleve_id, assigne_id)
VALUES (6, 'Accès refusé', 'Accès refusé au portail étudiant.', 0, CURRENT_TIMESTAMP, NULL, 6, 4);
INSERT INTO tickets (ticket_id, sujet, description, statut, date_ouverture, date_fermeture, eleve_id, assigne_id)
VALUES (7, 'Problème d''impression', 'Impression lente dans l''imprimante du labo.', 0, CURRENT_TIMESTAMP, NULL, 7, 1);
INSERT INTO tickets (ticket_id, sujet, description, statut, date_ouverture, date_fermeture, eleve_id, assigne_id)
VALUES (8, 'Erreur système', 'Erreur système lors de l''exécution du programme.', 1, CURRENT_TIMESTAMP, NULL, 8, 2);
INSERT INTO tickets (ticket_id, sujet, description, statut, date_ouverture, date_fermeture, eleve_id, assigne_id)
VALUES (9, 'Connexion Wi-Fi', 'Problème de connexion Wi-Fi dans la salle informatique.', 0, CURRENT_TIMESTAMP, NULL, 9, 3);
INSERT INTO tickets (ticket_id, sujet, description, statut, date_ouverture, date_fermeture, eleve_id, assigne_id)
VALUES (10, 'Accès refusé', 'Accès refusé au portail de l''école.', 1, CURRENT_TIMESTAMP, NULL, 10, 4);
INSERT INTO tickets (ticket_id, sujet, description, statut, date_ouverture, date_fermeture, eleve_id, assigne_id)
VALUES (11, 'Installation logiciel', 'Impossible d''installer un logiciel.', 0, CURRENT_TIMESTAMP, NULL, 11, 5);
INSERT INTO tickets (ticket_id, sujet, description, statut, date_ouverture, date_fermeture, eleve_id, assigne_id)
VALUES (12, 'Mise à jour requise', 'Mise à jour système requise pour le matériel.', 2, CURRENT_TIMESTAMP, CURRENT_TIMESTAMP, 12, 6);
INSERT INTO tickets (ticket_id, sujet, description, statut, date_ouverture, date_fermeture, eleve_id, assigne_id)
VALUES (13, 'Problème de licence', 'Erreur lors de la validation de licence.', 1, CURRENT_TIMESTAMP, NULL, 13, 7);
INSERT INTO tickets (ticket_id, sujet, description, statut, date_ouverture, date_fermeture, eleve_id, assigne_id)
VALUES (14, 'Bug d''affichage', 'Bug d''affichage sur l''écran principal.', 0, CURRENT_TIMESTAMP, NULL, 14, 8);
INSERT INTO tickets (ticket_id, sujet, description, statut, date_ouverture, date_fermeture, eleve_id, assigne_id)
VALUES (15, 'Redémarrage automatique', 'L''ordinateur redémarre tout seul.', 1, CURRENT_TIMESTAMP, NULL, 15, 9);
INSERT INTO tickets (ticket_id, sujet, description, statut, date_ouverture, date_fermeture, eleve_id, assigne_id)
VALUES (16, 'Panne de batterie', 'Batterie faible sur l''ordinateur portable.', 0, CURRENT_TIMESTAMP, NULL, 16, 10);
INSERT INTO tickets (ticket_id, sujet, description, statut, date_ouverture, date_fermeture, eleve_id, assigne_id)
VALUES (17, 'Erreur de mise à jour', 'Erreur durant la mise à jour du système.', 2, CURRENT_TIMESTAMP, CURRENT_TIMESTAMP, 17, 11);
INSERT INTO tickets (ticket_id, sujet, description, statut, date_ouverture, date_fermeture, eleve_id, assigne_id)
VALUES (18, 'Installation échouée', 'L''installation de l''application a échoué.', 1, CURRENT_TIMESTAMP, NULL, 18, 12);
INSERT INTO tickets (ticket_id, sujet, description, statut, date_ouverture, date_fermeture, eleve_id, assigne_id)
VALUES (19, 'Problème d''audio', 'Pas de son sur l''ordinateur.', 0, CURRENT_TIMESTAMP, NULL, 19, 13);
INSERT INTO tickets (ticket_id, sujet, description, statut, date_ouverture, date_fermeture, eleve_id, assigne_id)
VALUES (20, 'Connexion instable', 'Connexion réseau instable dans le bâtiment.', 1, CURRENT_TIMESTAMP, NULL, 20, 14);
INSERT INTO tickets (ticket_id, sujet, description, statut, date_ouverture, date_fermeture, eleve_id, assigne_id)
VALUES (21, 'Erreur de synchronisation', 'Les données ne se synchronisent pas correctement.', 0, CURRENT_TIMESTAMP, NULL, 21, 15);
INSERT INTO tickets (ticket_id, sujet, description, statut, date_ouverture, date_fermeture, eleve_id, assigne_id)
VALUES (22, 'Accès lent', 'Accès lent aux ressources du serveur.', 1, CURRENT_TIMESTAMP, NULL, 22, 16);
INSERT INTO tickets (ticket_id, sujet, description, statut, date_ouverture, date_fermeture, eleve_id, assigne_id)
VALUES (23, 'Problème de sécurité', 'Alerte de sécurité détectée sur l''ordinateur.', 2, CURRENT_TIMESTAMP, CURRENT_TIMESTAMP, 23, 17);
INSERT INTO tickets (ticket_id, sujet, description, statut, date_ouverture, date_fermeture, eleve_id, assigne_id)
VALUES (24, 'Défaillance matérielle', 'Défaillance du disque dur.', 0, CURRENT_TIMESTAMP, NULL, 24, 18);
INSERT INTO tickets (ticket_id, sujet, description, statut, date_ouverture, date_fermeture, eleve_id, assigne_id)
VALUES (25, 'Bug dans l''application', 'L''application se bloque fréquemment.', 1, CURRENT_TIMESTAMP, NULL, 25, 19);
INSERT INTO tickets (ticket_id, sujet, description, statut, date_ouverture, date_fermeture, eleve_id, assigne_id)
VALUES (26, 'Erreur réseau', 'Perte de connectivité intermittente.', 0, CURRENT_TIMESTAMP, NULL, 26, 20);
INSERT INTO tickets (ticket_id, sujet, description, statut, date_ouverture, date_fermeture, eleve_id, assigne_id)
VALUES (27, 'Problème d''impression avancé', 'Erreur lors de l''impression de documents volumineux.', 1, CURRENT_TIMESTAMP, NULL, 27, 21);
INSERT INTO tickets (ticket_id, sujet, description, statut, date_ouverture, date_fermeture, eleve_id, assigne_id)
VALUES (28, 'Mauvais paramétrage', 'Paramètres incorrects dans l''application.', 0, CURRENT_TIMESTAMP, NULL, 28, 22);
INSERT INTO tickets (ticket_id, sujet, description, statut, date_ouverture, date_fermeture, eleve_id, assigne_id)
VALUES (29, 'Déconnexion intempestive', 'Déconnexions fréquentes sur le réseau.', 1, CURRENT_TIMESTAMP, NULL, 29, 23);
INSERT INTO tickets (ticket_id, sujet, description, statut, date_ouverture, date_fermeture, eleve_id, assigne_id)
VALUES (30, 'Message d''erreur inconnu', 'Message d''erreur non identifié apparu sur l''écran.', 0, CURRENT_TIMESTAMP, NULL, 30, 24);


-- D. Insertion de données dans ordinateurs (30 enregistrements)
INSERT INTO ordinateurs (ordinateur_id, marque, modele, numero_serie, eleve_id)
VALUES (1, 'Dell', 'Inspiron', 'SN12345', 1);
INSERT INTO ordinateurs (ordinateur_id, marque, modele, numero_serie, eleve_id)
VALUES (2, 'HP', 'Pavilion', 'SN23456', 2);
INSERT INTO ordinateurs (ordinateur_id, marque, modele, numero_serie, eleve_id)
VALUES (3, 'Asus', 'VivoBook', 'SN34567', 3);
INSERT INTO ordinateurs (ordinateur_id, marque, modele, numero_serie, eleve_id)
VALUES (4, 'Acer', 'Aspire', 'SN45678', 4);
INSERT INTO ordinateurs (ordinateur_id, marque, modele, numero_serie, eleve_id)
VALUES (5, 'Lenovo', 'IdeaPad', 'SN56789', 5);
INSERT INTO ordinateurs (ordinateur_id, marque, modele, numero_serie, eleve_id)
VALUES (6, 'Apple', 'MacBook', 'SN67890', 6);
INSERT INTO ordinateurs (ordinateur_id, marque, modele, numero_serie, eleve_id)
VALUES (7, 'Samsung', 'Notebook', 'SN78901', 7);
INSERT INTO ordinateurs (ordinateur_id, marque, modele, numero_serie, eleve_id)
VALUES (8, 'Lenovo', 'ThinkPad', 'SN89012', 8);
INSERT INTO ordinateurs (ordinateur_id, marque, modele, numero_serie, eleve_id)
VALUES (9, 'Acer', 'Swift', 'SN90123', 9);
INSERT INTO ordinateurs (ordinateur_id, marque, modele, numero_serie, eleve_id)
VALUES (10, 'HP', 'EliteBook', 'SN01234', 10);
INSERT INTO ordinateurs (ordinateur_id, marque, modele, numero_serie, eleve_id)
VALUES (11, 'Dell', 'XPS', 'SN12346', 11);
INSERT INTO ordinateurs (ordinateur_id, marque, modele, numero_serie, eleve_id)
VALUES (12, 'Asus', 'ZenBook', 'SN23457', 12);
INSERT INTO ordinateurs (ordinateur_id, marque, modele, numero_serie, eleve_id)
VALUES (13, 'Acer', 'Nitro', 'SN34568', 13);
INSERT INTO ordinateurs (ordinateur_id, marque, modele, numero_serie, eleve_id)
VALUES (14, 'HP', 'ProBook', 'SN45679', 14);
INSERT INTO ordinateurs (ordinateur_id, marque, modele, numero_serie, eleve_id)
VALUES (15, 'Lenovo', 'Yoga', 'SN56780', 15);
INSERT INTO ordinateurs (ordinateur_id, marque, modele, numero_serie, eleve_id)
VALUES (16, 'Apple', 'MacBook Air', 'SN67891', 16);
INSERT INTO ordinateurs (ordinateur_id, marque, modele, numero_serie, eleve_id)
VALUES (17, 'Dell', 'Latitude', 'SN78902', 17);
INSERT INTO ordinateurs (ordinateur_id, marque, modele, numero_serie, eleve_id)
VALUES (18, 'Samsung', 'Chromebook', 'SN89013', 18);
INSERT INTO ordinateurs (ordinateur_id, marque, modele, numero_serie, eleve_id)
VALUES (19, 'Acer', 'Predator', 'SN90124', 19);
INSERT INTO ordinateurs (ordinateur_id, marque, modele, numero_serie, eleve_id)
VALUES (20, 'HP', 'ZBook', 'SN01235', 20);
INSERT INTO ordinateurs (ordinateur_id, marque, modele, numero_serie, eleve_id)
VALUES (21, 'Lenovo', 'Legion', 'SN12347', 21);
INSERT INTO ordinateurs (ordinateur_id, marque, modele, numero_serie, eleve_id)
VALUES (22, 'Dell', 'G5', 'SN23458', 22);
INSERT INTO ordinateurs (ordinateur_id, marque, modele, numero_serie, eleve_id)
VALUES (23, 'Asus', 'ROG', 'SN34569', 23);
INSERT INTO ordinateurs (ordinateur_id, marque, modele, numero_serie, eleve_id)
VALUES (24, 'Acer', 'ConceptD', 'SN45680', 24);
INSERT INTO ordinateurs (ordinateur_id, marque, modele, numero_serie, eleve_id)
VALUES (25, 'HP', 'Envy', 'SN56781', 25);
INSERT INTO ordinateurs (ordinateur_id, marque, modele, numero_serie, eleve_id)
VALUES (26, 'Lenovo', 'ThinkCentre', 'SN67892', 26);
INSERT INTO ordinateurs (ordinateur_id, marque, modele, numero_serie, eleve_id)
VALUES (27, 'Dell', 'OptiPlex', 'SN78903', 27);
INSERT INTO ordinateurs (ordinateur_id, marque, modele, numero_serie, eleve_id)
VALUES (28, 'Samsung', 'Galaxy Book', 'SN89014', 28);
INSERT INTO ordinateurs (ordinateur_id, marque, modele, numero_serie, eleve_id)
VALUES (29, 'Acer', 'Spin', 'SN90125', 29);
INSERT INTO ordinateurs (ordinateur_id, marque, modele, numero_serie, eleve_id)
VALUES (30, 'HP', 'Spectre', 'SN01236', 30);


-- E. Insertion de données dans equipements_reseau (30 enregistrements)
INSERT INTO equipements_reseau (equip_id, type_equipement, marque, modele, numero_serie, adresse_ip, eleve_id)
VALUES (1, 'Switch', 'Cisco', 'SG350', 'SN12345', '192.168.1.10', 1);
INSERT INTO equipements_reseau (equip_id, type_equipement, marque, modele, numero_serie, adresse_ip, eleve_id)
VALUES (2, 'Routeur', 'Netgear', 'Nighthawk', 'SN23456', '192.168.1.11', 2);
INSERT INTO equipements_reseau (equip_id, type_equipement, marque, modele, numero_serie, adresse_ip, eleve_id)
VALUES (3, 'Borne Wi-Fi', 'TP-Link', 'Archer', 'SN34567', '192.168.1.12', 3);
INSERT INTO equipements_reseau (equip_id, type_equipement, marque, modele, numero_serie, adresse_ip, eleve_id)
VALUES (4, 'Switch', 'HP', 'ProCurve', 'SN45678', '192.168.1.13', 4);
INSERT INTO equipements_reseau (equip_id, type_equipement, marque, modele, numero_serie, adresse_ip, eleve_id)
VALUES (5, 'Routeur', 'D-Link', 'DIR-880', 'SN56789', '192.168.1.14', 5);
INSERT INTO equipements_reseau (equip_id, type_equipement, marque, modele, numero_serie, adresse_ip, eleve_id)
VALUES (6, 'Borne Wi-Fi', 'Ubiquiti', 'UniFi', 'SN67890', '192.168.1.15', 6);
INSERT INTO equipements_reseau (equip_id, type_equipement, marque, modele, numero_serie, adresse_ip, eleve_id)
VALUES (7, 'Switch', 'Cisco', 'Catalyst', 'SN78902', '192.168.1.16', 7);
INSERT INTO equipements_reseau (equip_id, type_equipement, marque, modele, numero_serie, adresse_ip, eleve_id)
VALUES (8, 'Routeur', 'Netgear', 'Orbi', 'SN89023', '192.168.1.17', 8);
INSERT INTO equipements_reseau (equip_id, type_equipement, marque, modele, numero_serie, adresse_ip, eleve_id)
VALUES (9, 'Borne Wi-Fi', 'TP-Link', 'Deco', 'SN90134', '192.168.1.18', 9);
INSERT INTO equipements_reseau (equip_id, type_equipement, marque, modele, numero_serie, adresse_ip, eleve_id)
VALUES (10, 'Switch', 'HP', 'Aruba', 'SN01245', '192.168.1.19', 10);
INSERT INTO equipements_reseau (equip_id, type_equipement, marque, modele, numero_serie, adresse_ip, eleve_id)
VALUES (11, 'Routeur', 'D-Link', 'EXO', 'SN12356', '192.168.1.20', 11);
INSERT INTO equipements_reseau (equip_id, type_equipement, marque, modele, numero_serie, adresse_ip, eleve_id)
VALUES (12, 'Borne Wi-Fi', 'Ubiquiti', 'AirMax', 'SN23467', '192.168.1.21', 12);
INSERT INTO equipements_reseau (equip_id, type_equipement, marque, modele, numero_serie, adresse_ip, eleve_id)
VALUES (13, 'Switch', 'Cisco', 'SG500', 'SN34578', '192.168.1.22', 13);
INSERT INTO equipements_reseau (equip_id, type_equipement, marque, modele, numero_serie, adresse_ip, eleve_id)
VALUES (14, 'Routeur', 'Netgear', 'Nighthawk X6', 'SN45689', '192.168.1.23', 14);
INSERT INTO equipements_reseau (equip_id, type_equipement, marque, modele, numero_serie, adresse_ip, eleve_id)
VALUES (15, 'Borne Wi-Fi', 'TP-Link', 'EAP245', 'SN56790', '192.168.1.24', 15);
INSERT INTO equipements_reseau (equip_id, type_equipement, marque, modele, numero_serie, adresse_ip, eleve_id)
VALUES (16, 'Switch', 'HP', 'ProCurve 2920', 'SN67891', '192.168.1.25', 16);
INSERT INTO equipements_reseau (equip_id, type_equipement, marque, modele, numero_serie, adresse_ip, eleve_id)
VALUES (17, 'Routeur', 'D-Link', 'DIR-100', 'SN78903', '192.168.1.26', 17);
INSERT INTO equipements_reseau (equip_id, type_equipement, marque, modele, numero_serie, adresse_ip, eleve_id)
VALUES (18, 'Borne Wi-Fi', 'Ubiquiti', 'UniFi AP', 'SN89014', '192.168.1.27', 18);
INSERT INTO equipements_reseau (equip_id, type_equipement, marque, modele, numero_serie, adresse_ip, eleve_id)
VALUES (19, 'Switch', 'Cisco', 'SG300', 'SN90135', '192.168.1.28', 19);
INSERT INTO equipements_reseau (equip_id, type_equipement, marque, modele, numero_serie, adresse_ip, eleve_id)
VALUES (20, 'Routeur', 'Netgear', 'Orbi Pro', 'SN01246', '192.168.1.29', 20);
INSERT INTO equipements_reseau (equip_id, type_equipement, marque, modele, numero_serie, adresse_ip, eleve_id)
VALUES (21, 'Borne Wi-Fi', 'TP-Link', 'Omada', 'SN12367', '192.168.1.30', 21);
INSERT INTO equipements_reseau (equip_id, type_equipement, marque, modele, numero_serie, adresse_ip, eleve_id)
VALUES (22, 'Switch', 'HP', 'Aruba 2930F', 'SN23478', '192.168.1.31', 22);
INSERT INTO equipements_reseau (equip_id, type_equipement, marque, modele, numero_serie, adresse_ip, eleve_id)
VALUES (23, 'Routeur', 'D-Link', 'DIR-860L', 'SN34589', '192.168.1.32', 23);
INSERT INTO equipements_reseau (equip_id, type_equipement, marque, modele, numero_serie, adresse_ip, eleve_id)
VALUES (24, 'Borne Wi-Fi', 'Ubiquiti', 'NanoStation', 'SN45690', '192.168.1.33', 24);
INSERT INTO equipements_reseau (equip_id, type_equipement, marque, modele, numero_serie, adresse_ip, eleve_id)
VALUES (25, 'Switch', 'Cisco', 'SG350X', 'SN56791', '192.168.1.34', 25);
INSERT INTO equipements_reseau (equip_id, type_equipement, marque, modele, numero_serie, adresse_ip, eleve_id)
VALUES (26, 'Routeur', 'Netgear', 'XR500', 'SN67892', '192.168.1.35', 26);
INSERT INTO equipements_reseau (equip_id, type_equipement, marque, modele, numero_serie, adresse_ip, eleve_id)
VALUES (27, 'Borne Wi-Fi', 'TP-Link', 'Deco M9', 'SN78904', '192.168.1.36', 27);
INSERT INTO equipements_reseau (equip_id, type_equipement, marque, modele, numero_serie, adresse_ip, eleve_id)
VALUES (28, 'Switch', 'HP', 'ProCurve 3500', 'SN89015', '192.168.1.37', 28);
INSERT INTO equipements_reseau (equip_id, type_equipement, marque, modele, numero_serie, adresse_ip, eleve_id)
VALUES (29, 'Routeur', 'D-Link', 'DIR-615', 'SN90136', '192.168.1.38', 29);
INSERT INTO equipements_reseau (equip_id, type_equipement, marque, modele, numero_serie, adresse_ip, eleve_id)
VALUES (30, 'Borne Wi-Fi', 'Ubiquiti', 'UniFi AC', 'SN01247', '192.168.1.39', 30);


-- F. Insertion de données dans logiciels (30 enregistrements)
INSERT INTO logiciels (logiciel_id, nom, version, eleve_id)
VALUES (1, 'Microsoft Office', '2019', 1);
INSERT INTO logiciels (logiciel_id, nom, version, eleve_id)
VALUES (2, 'Adobe Photoshop', '2020', 2);
INSERT INTO logiciels (logiciel_id, nom, version, eleve_id)
VALUES (3, 'AutoCAD', '2021', 3);
INSERT INTO logiciels (logiciel_id, nom, version, eleve_id)
VALUES (4, 'Visual Studio', '2019', 4);
INSERT INTO logiciels (logiciel_id, nom, version, eleve_id)
VALUES (5, 'Eclipse', '2020', 5);
INSERT INTO logiciels (logiciel_id, nom, version, eleve_id)
VALUES (6, 'IntelliJ IDEA', '2021', 6);
INSERT INTO logiciels (logiciel_id, nom, version, eleve_id)
VALUES (7, 'LibreOffice', '7.0', 7);
INSERT INTO logiciels (logiciel_id, nom, version, eleve_id)
VALUES (8, 'Firefox', '90.0', 8);
INSERT INTO logiciels (logiciel_id, nom, version, eleve_id)
VALUES (9, 'Chrome', '91.0', 9);
INSERT INTO logiciels (logiciel_id, nom, version, eleve_id)
VALUES (10, 'Notepad++', '7.9', 10);
INSERT INTO logiciels (logiciel_id, nom, version, eleve_id)
VALUES (11, 'Sublime Text', '3.2', 11);
INSERT INTO logiciels (logiciel_id, nom, version, eleve_id)
VALUES (12, 'Atom', '1.58', 12);
INSERT INTO logiciels (logiciel_id, nom, version, eleve_id)
VALUES (13, 'VLC Media Player', '3.0', 13);
INSERT INTO logiciels (logiciel_id, nom, version, eleve_id)
VALUES (14, 'WinRAR', '5.91', 14);
INSERT INTO logiciels (logiciel_id, nom, version, eleve_id)
VALUES (15, '7-Zip', '19.00', 15);
INSERT INTO logiciels (logiciel_id, nom, version, eleve_id)
VALUES (16, 'GIMP', '2.10', 16);
INSERT INTO logiciels (logiciel_id, nom, version, eleve_id)
VALUES (17, 'Inkscape', '1.0', 17);
INSERT INTO logiciels (logiciel_id, nom, version, eleve_id)
VALUES (18, 'Audacity', '2.4', 18);
INSERT INTO logiciels (logiciel_id, nom, version, eleve_id)
VALUES (19, 'MATLAB', 'R2021a', 19);
INSERT INTO logiciels (logiciel_id, nom, version, eleve_id)
VALUES (20, 'RStudio', '1.4', 20);
INSERT INTO logiciels (logiciel_id, nom, version, eleve_id)
VALUES (21, 'SPSS', '27', 21);
INSERT INTO logiciels (logiciel_id, nom, version, eleve_id)
VALUES (22, 'SAS', '9.4', 22);
INSERT INTO logiciels (logiciel_id, nom, version, eleve_id)
VALUES (23, 'SketchUp', '2021', 23);
INSERT INTO logiciels (logiciel_id, nom, version, eleve_id)
VALUES (24, 'CorelDRAW', '2020', 24);
INSERT INTO logiciels (logiciel_id, nom, version, eleve_id)
VALUES (25, 'ZBrush', '2021', 25);
INSERT INTO logiciels (logiciel_id, nom, version, eleve_id)
VALUES (26, 'Maya', '2020', 26);
INSERT INTO logiciels (logiciel_id, nom, version, eleve_id)
VALUES (27, '3ds Max', '2021', 27);
INSERT INTO logiciels (logiciel_id, nom, version, eleve_id)
VALUES (28, 'After Effects', '2020', 28);
INSERT INTO logiciels (logiciel_id, nom, version, eleve_id)
VALUES (29, 'Premiere Pro', '2021', 29);
INSERT INTO logiciels (logiciel_id, nom, version, eleve_id)
VALUES (30, 'Lightroom', '2020', 30);


-- G. Insertion de données dans licences (30 enregistrements)
INSERT INTO licences (licence_id, cle_licence, date_expiration, logiciel_id, eleve_id)
VALUES (1, 'LIC-ABC-123', TO_DATE('2025-12-31','YYYY-MM-DD'), 1, 1);
INSERT INTO licences (licence_id, cle_licence, date_expiration, logiciel_id, eleve_id)
VALUES (2, 'LIC-DEF-456', TO_DATE('2024-06-30','YYYY-MM-DD'), 2, 2);
INSERT INTO licences (licence_id, cle_licence, date_expiration, logiciel_id, eleve_id)
VALUES (3, 'LIC-GHI-789', TO_DATE('2023-11-15','YYYY-MM-DD'), 3, 3);
INSERT INTO licences (licence_id, cle_licence, date_expiration, logiciel_id, eleve_id)
VALUES (4, 'LIC-JKL-012', TO_DATE('2025-05-20','YYYY-MM-DD'), 4, 4);
INSERT INTO licences (licence_id, cle_licence, date_expiration, logiciel_id, eleve_id)
VALUES (5, 'LIC-MNO-345', TO_DATE('2024-09-10','YYYY-MM-DD'), 5, 5);
INSERT INTO licences (licence_id, cle_licence, date_expiration, logiciel_id, eleve_id)
VALUES (6, 'LIC-PQR-678', TO_DATE('2023-07-01','YYYY-MM-DD'), 6, 6);
INSERT INTO licences (licence_id, cle_licence, date_expiration, logiciel_id, eleve_id)
VALUES (7, 'LIC-STU-901', TO_DATE('2025-01-01','YYYY-MM-DD'), 1, 7);
INSERT INTO licences (licence_id, cle_licence, date_expiration, logiciel_id, eleve_id)
VALUES (8, 'LIC-VWX-012', TO_DATE('2025-02-01','YYYY-MM-DD'), 2, 8);
INSERT INTO licences (licence_id, cle_licence, date_expiration, logiciel_id, eleve_id)
VALUES (9, 'LIC-YZA-345', TO_DATE('2025-03-01','YYYY-MM-DD'), 3, 9);
INSERT INTO licences (licence_id, cle_licence, date_expiration, logiciel_id, eleve_id)
VALUES (10, 'LIC-BCD-678', TO_DATE('2025-04-01','YYYY-MM-DD'), 4, 10);
INSERT INTO licences (licence_id, cle_licence, date_expiration, logiciel_id, eleve_id)
VALUES (11, 'LIC-EFG-901', TO_DATE('2025-05-01','YYYY-MM-DD'), 5, 11);
INSERT INTO licences (licence_id, cle_licence, date_expiration, logiciel_id, eleve_id)
VALUES (12, 'LIC-HIJ-234', TO_DATE('2025-06-01','YYYY-MM-DD'), 6, 12);
INSERT INTO licences (licence_id, cle_licence, date_expiration, logiciel_id, eleve_id)
VALUES (13, 'LIC-KLM-567', TO_DATE('2025-07-01','YYYY-MM-DD'), 1, 13);
INSERT INTO licences (licence_id, cle_licence, date_expiration, logiciel_id, eleve_id)
VALUES (14, 'LIC-NOP-890', TO_DATE('2025-08-01','YYYY-MM-DD'), 2, 14);
INSERT INTO licences (licence_id, cle_licence, date_expiration, logiciel_id, eleve_id)
VALUES (15, 'LIC-QRS-123', TO_DATE('2025-09-01','YYYY-MM-DD'), 3, 15);
INSERT INTO licences (licence_id, cle_licence, date_expiration, logiciel_id, eleve_id)
VALUES (16, 'LIC-TUV-456', TO_DATE('2025-10-01','YYYY-MM-DD'), 4, 16);
INSERT INTO licences (licence_id, cle_licence, date_expiration, logiciel_id, eleve_id)
VALUES (17, 'LIC-WXY-789', TO_DATE('2025-11-01','YYYY-MM-DD'), 5, 17);
INSERT INTO licences (licence_id, cle_licence, date_expiration, logiciel_id, eleve_id)
VALUES (18, 'LIC-ZAB-012', TO_DATE('2025-12-01','YYYY-MM-DD'), 6, 18);
INSERT INTO licences (licence_id, cle_licence, date_expiration, logiciel_id, eleve_id)
VALUES (19, 'LIC-CDE-345', TO_DATE('2026-01-01','YYYY-MM-DD'), 1, 19);
INSERT INTO licences (licence_id, cle_licence, date_expiration, logiciel_id, eleve_id)
VALUES (20, 'LIC-EFG-678', TO_DATE('2026-02-01','YYYY-MM-DD'), 2, 20);
INSERT INTO licences (licence_id, cle_licence, date_expiration, logiciel_id, eleve_id)
VALUES (21, 'LIC-HIJ-901', TO_DATE('2026-03-01','YYYY-MM-DD'), 3, 21);
INSERT INTO licences (licence_id, cle_licence, date_expiration, logiciel_id, eleve_id)
VALUES (22, 'LIC-KLM-234', TO_DATE('2026-04-01','YYYY-MM-DD'), 4, 22);
INSERT INTO licences (licence_id, cle_licence, date_expiration, logiciel_id, eleve_id)
VALUES (23, 'LIC-NOP-567', TO_DATE('2026-05-01','YYYY-MM-DD'), 5, 23);
INSERT INTO licences (licence_id, cle_licence, date_expiration, logiciel_id, eleve_id)
VALUES (24, 'LIC-QRS-890', TO_DATE('2026-06-01','YYYY-MM-DD'), 6, 24);
INSERT INTO licences (licence_id, cle_licence, date_expiration, logiciel_id, eleve_id)
VALUES (25, 'LIC-TUV-123', TO_DATE('2026-07-01','YYYY-MM-DD'), 1, 25);
INSERT INTO licences (licence_id, cle_licence, date_expiration, logiciel_id, eleve_id)
VALUES (26, 'LIC-WXY-456', TO_DATE('2026-08-01','YYYY-MM-DD'), 2, 26);
INSERT INTO licences (licence_id, cle_licence, date_expiration, logiciel_id, eleve_id)
VALUES (27, 'LIC-ZAB-789', TO_DATE('2026-09-01','YYYY-MM-DD'), 3, 27);
INSERT INTO licences (licence_id, cle_licence, date_expiration, logiciel_id, eleve_id)
VALUES (28, 'LIC-CDE-012', TO_DATE('2026-10-01','YYYY-MM-DD'), 4, 28);
INSERT INTO licences (licence_id, cle_licence, date_expiration, logiciel_id, eleve_id)
VALUES (29, 'LIC-EFG-345', TO_DATE('2026-11-01','YYYY-MM-DD'), 5, 29);
INSERT INTO licences (licence_id, cle_licence, date_expiration, logiciel_id, eleve_id)
VALUES (30, 'LIC-HIJ-678', TO_DATE('2026-12-01','YYYY-MM-DD'), 6, 30);


-- H. Insertion de données dans logs (30 enregistrements)
INSERT INTO logs (log_id, action, date_action, eleve_id, ticket_id)
VALUES (1, 'Création du ticket', CURRENT_TIMESTAMP, 1, 1);
INSERT INTO logs (log_id, action, date_action, eleve_id, ticket_id)
VALUES (2, 'Mise à jour du ticket', CURRENT_TIMESTAMP, 2, 2);
INSERT INTO logs (log_id, action, date_action, eleve_id, ticket_id)
VALUES (3, 'Fermeture du ticket', CURRENT_TIMESTAMP, 3, 3);
INSERT INTO logs (log_id, action, date_action, eleve_id, ticket_id)
VALUES (4, 'Réouverture du ticket', CURRENT_TIMESTAMP, 4, 4);
INSERT INTO logs (log_id, action, date_action, eleve_id, ticket_id)
VALUES (5, 'Assignation du ticket', CURRENT_TIMESTAMP, 5, 5);
INSERT INTO logs (log_id, action, date_action, eleve_id, ticket_id)
VALUES (6, 'Mise à jour du ticket', CURRENT_TIMESTAMP, 6, 6);
INSERT INTO logs (log_id, action, date_action, eleve_id, ticket_id)
VALUES (7, 'Création du ticket', CURRENT_TIMESTAMP, 7, 7);
INSERT INTO logs (log_id, action, date_action, eleve_id, ticket_id)
VALUES (8, 'Mise à jour du ticket', CURRENT_TIMESTAMP, 8, 8);
INSERT INTO logs (log_id, action, date_action, eleve_id, ticket_id)
VALUES (9, 'Fermeture du ticket', CURRENT_TIMESTAMP, 9, 9);
INSERT INTO logs (log_id, action, date_action, eleve_id, ticket_id)
VALUES (10, 'Réouverture du ticket', CURRENT_TIMESTAMP, 10, 10);
INSERT INTO logs (log_id, action, date_action, eleve_id, ticket_id)
VALUES (11, 'Assignation du ticket', CURRENT_TIMESTAMP, 11, 11);
INSERT INTO logs (log_id, action, date_action, eleve_id, ticket_id)
VALUES (12, 'Mise à jour du ticket', CURRENT_TIMESTAMP, 12, 12);
INSERT INTO logs (log_id, action, date_action, eleve_id, ticket_id)
VALUES (13, 'Création du ticket', CURRENT_TIMESTAMP, 13, 13);
INSERT INTO logs (log_id, action, date_action, eleve_id, ticket_id)
VALUES (14, 'Mise à jour du ticket', CURRENT_TIMESTAMP, 14, 14);
INSERT INTO logs (log_id, action, date_action, eleve_id, ticket_id)
VALUES (15, 'Fermeture du ticket', CURRENT_TIMESTAMP, 15, 15);
INSERT INTO logs (log_id, action, date_action, eleve_id, ticket_id)
VALUES (16, 'Réouverture du ticket', CURRENT_TIMESTAMP, 16, 16);
INSERT INTO logs (log_id, action, date_action, eleve_id, ticket_id)
VALUES (17, 'Assignation du ticket', CURRENT_TIMESTAMP, 17, 17);
INSERT INTO logs (log_id, action, date_action, eleve_id, ticket_id)
VALUES (18, 'Mise à jour du ticket', CURRENT_TIMESTAMP, 18, 18);
INSERT INTO logs (log_id, action, date_action, eleve_id, ticket_id)
VALUES (19, 'Création du ticket', CURRENT_TIMESTAMP, 19, 19);
INSERT INTO logs (log_id, action, date_action, eleve_id, ticket_id)
VALUES (20, 'Mise à jour du ticket', CURRENT_TIMESTAMP, 20, 20);
INSERT INTO logs (log_id, action, date_action, eleve_id, ticket_id)
VALUES (21, 'Fermeture du ticket', CURRENT_TIMESTAMP, 21, 21);
INSERT INTO logs (log_id, action, date_action, eleve_id, ticket_id)
VALUES (22, 'Réouverture du ticket', CURRENT_TIMESTAMP, 22, 22);
INSERT INTO logs (log_id, action, date_action, eleve_id, ticket_id)
VALUES (23, 'Assignation du ticket', CURRENT_TIMESTAMP, 23, 23);
INSERT INTO logs (log_id, action, date_action, eleve_id, ticket_id)
VALUES (24, 'Mise à jour du ticket', CURRENT_TIMESTAMP, 24, 24);
INSERT INTO logs (log_id, action, date_action, eleve_id, ticket_id)
VALUES (25, 'Création du ticket', CURRENT_TIMESTAMP, 25, 25);
INSERT INTO logs (log_id, action, date_action, eleve_id, ticket_id)
VALUES (26, 'Mise à jour du ticket', CURRENT_TIMESTAMP, 26, 26);
INSERT INTO logs (log_id, action, date_action, eleve_id, ticket_id)
VALUES (27, 'Fermeture du ticket', CURRENT_TIMESTAMP, 27, 27);
INSERT INTO logs (log_id, action, date_action, eleve_id, ticket_id)
VALUES (28, 'Réouverture du ticket', CURRENT_TIMESTAMP, 28, 28);
INSERT INTO logs (log_id, action, date_action, eleve_id, ticket_id)
VALUES (29, 'Assignation du ticket', CURRENT_TIMESTAMP, 29, 29);
INSERT INTO logs (log_id, action, date_action, eleve_id, ticket_id)
VALUES (30, 'Mise à jour du ticket', CURRENT_TIMESTAMP, 30, 30);
