-- A. Insertion de données dans eleves (30 enregistrements)
INSERT INTO eleves (eleve_id, nom, prenom, email, password, classe, specialite, filiere, lieu)
VALUES (1, 'Dupont', 'Jean', 'jean.dupont@example.com', 'pass123', 'Terminale', 'Sciences', 'S', 'Cergy');
INSERT INTO eleves (eleve_id, nom, prenom, email, password, classe, specialite, filiere, lieu)
VALUES (2, 'Martin', 'Sophie', 'sophie.martin@example.com', 'pass456', 'Première', 'Lettres', 'L', 'Pau');
INSERT INTO eleves (eleve_id, nom, prenom, email, password, classe, specialite, filiere, lieu)
VALUES (3, 'Durand', 'Paul', 'paul.durand@example.com', 'pass789', 'Terminale', 'Économie', 'E', 'Cergy');
INSERT INTO eleves (eleve_id, nom, prenom, email, password, classe, specialite, filiere, lieu)
VALUES (4, 'Moreau', 'Claire', 'claire.moreau@example.com', 'pass321', 'Seconde', 'Sciences', 'S', 'Pau');
INSERT INTO eleves (eleve_id, nom, prenom, email, password, classe, specialite, filiere, lieu)
VALUES (5, 'Lefevre', 'Luc', 'luc.lefevre@example.com', 'pass654', 'Première', 'Économie', 'E', 'Cergy');
INSERT INTO eleves (eleve_id, nom, prenom, email, password, classe, specialite, filiere, lieu)
VALUES (6, 'Girard', 'Emma', 'emma.girard@example.com', 'pass987', 'Terminale', 'Lettres', 'L', 'Pau');
INSERT INTO eleves (eleve_id, nom, prenom, email, password, classe, specialite, filiere, lieu)
VALUES (7, 'Bernier', 'Chloé', 'chloe.bernier@example.com', 'pass111', 'Première', 'Sciences', 'S', 'Cergy');
INSERT INTO eleves (eleve_id, nom, prenom, email, password, classe, specialite, filiere, lieu)
VALUES (8, 'Petit', 'Louis', 'louis.petit@example.com', 'pass222', 'Terminale', 'Lettres', 'L', 'Pau');
INSERT INTO eleves (eleve_id, nom, prenom, email, password, classe, specialite, filiere, lieu)
VALUES (9, 'Robert', 'Marie', 'marie.robert@example.com', 'pass333', 'Seconde', 'Économie', 'E', 'Cergy');
INSERT INTO eleves (eleve_id, nom, prenom, email, password, classe, specialite, filiere, lieu)
VALUES (10, 'Morel', 'Antoine', 'antoine.morel@example.com', 'pass444', 'Première', 'Sciences', 'S', 'Pau');
INSERT INTO eleves (eleve_id, nom, prenom, email, password, classe, specialite, filiere, lieu)
VALUES (11, 'Garcia', 'Sofia', 'sofia.garcia@example.com', 'pass555', 'Terminale', 'Lettres', 'L', 'Cergy');
INSERT INTO eleves (eleve_id, nom, prenom, email, password, classe, specialite, filiere, lieu)
VALUES (12, 'Roux', 'Victor', 'victor.roux@example.com', 'pass666', 'Seconde', 'Économie', 'E', 'Pau');
INSERT INTO eleves (eleve_id, nom, prenom, email, password, classe, specialite, filiere, lieu)
VALUES (13, 'Blanc', 'Emma', 'emma.blanc@example.com', 'pass777', 'Première', 'Sciences', 'S', 'Cergy');
INSERT INTO eleves (eleve_id, nom, prenom, email, password, classe, specialite, filiere, lieu)
VALUES (14, 'Garnier', 'Lucas', 'lucas.garnier@example.com', 'pass888', 'Terminale', 'Lettres', 'L', 'Pau');
INSERT INTO eleves (eleve_id, nom, prenom, email, password, classe, specialite, filiere, lieu)
VALUES (15, 'Chevalier', 'Clara', 'clara.chevalier@example.com', 'pass999', 'Seconde', 'Économie', 'E', 'Cergy');
INSERT INTO eleves (eleve_id, nom, prenom, email, password, classe, specialite, filiere, lieu)
VALUES (16, 'Lambert', 'Théo', 'theo.lambert@example.com', 'pass101', 'Première', 'Sciences', 'S', 'Pau');
INSERT INTO eleves (eleve_id, nom, prenom, email, password, classe, specialite, filiere, lieu)
VALUES (17, 'Fontaine', 'Juliette', 'juliette.fontaine@example.com', 'pass202', 'Terminale', 'Lettres', 'L', 'Cergy');
INSERT INTO eleves (eleve_id, nom, prenom, email, password, classe, specialite, filiere, lieu)
VALUES (18, 'Marchand', 'Noah', 'noah.marchand@example.com', 'pass303', 'Seconde', 'Économie', 'E', 'Pau');
INSERT INTO eleves (eleve_id, nom, prenom, email, password, classe, specialite, filiere, lieu)
VALUES (19, 'Dupuis', 'Lola', 'lola.dupuis@example.com', 'pass404', 'Première', 'Sciences', 'S', 'Cergy');
INSERT INTO eleves (eleve_id, nom, prenom, email, password, classe, specialite, filiere, lieu)
VALUES (20, 'Perrin', 'Gabriel', 'gabriel.perrin@example.com', 'pass505', 'Terminale', 'Lettres', 'L', 'Pau');
INSERT INTO eleves (eleve_id, nom, prenom, email, password, classe, specialite, filiere, lieu)
VALUES (21, 'Renard', 'Chloé', 'chloe.renard@example.com', 'pass606', 'Seconde', 'Économie', 'E', 'Cergy');
INSERT INTO eleves (eleve_id, nom, prenom, email, password, classe, specialite, filiere, lieu)
VALUES (22, 'Leclerc', 'Hugo', 'hugo.leclerc@example.com', 'pass707', 'Première', 'Sciences', 'S', 'Pau');
INSERT INTO eleves (eleve_id, nom, prenom, email, password, classe, specialite, filiere, lieu)
VALUES (23, 'Gauthier', 'Manon', 'manon.gauthier@example.com', 'pass808', 'Terminale', 'Lettres', 'L', 'Cergy');
INSERT INTO eleves (eleve_id, nom, prenom, email, password, classe, specialite, filiere, lieu)
VALUES (24, 'Barbier', 'Pauline', 'pauline.barbier@example.com', 'pass909', 'Seconde', 'Économie', 'E', 'Pau');
INSERT INTO eleves (eleve_id, nom, prenom, email, password, classe, specialite, filiere, lieu)
VALUES (25, 'Renaud', 'Alexandre', 'alexandre.renaud@example.com', 'pass112', 'Première', 'Sciences', 'S', 'Cergy');
INSERT INTO eleves (eleve_id, nom, prenom, email, password, classe, specialite, filiere, lieu)
VALUES (26, 'Meyer', 'Inès', 'ines.meyer@example.com', 'pass223', 'Terminale', 'Lettres', 'L', 'Pau');
INSERT INTO eleves (eleve_id, nom, prenom, email, password, classe, specialite, filiere, lieu)
VALUES (27, 'Giraud', 'Mathieu', 'mathieu.giraud@example.com', 'pass334', 'Seconde', 'Économie', 'E', 'Cergy');
INSERT INTO eleves (eleve_id, nom, prenom, email, password, classe, specialite, filiere, lieu)
VALUES (28, 'Bourgeois', 'Elena', 'elena.bourgeois@example.com', 'pass445', 'Première', 'Sciences', 'S', 'Pau');
INSERT INTO eleves (eleve_id, nom, prenom, email, password, classe, specialite, filiere, lieu)
VALUES (29, 'Rousseau', 'Julien', 'julien.rousseau@example.com', 'pass556', 'Terminale', 'Lettres', 'L', 'Cergy');
INSERT INTO eleves (eleve_id, nom, prenom, email, password, classe, specialite, filiere, lieu)
VALUES (30, 'Colin', 'Alice', 'alice.colin@example.com', 'pass667', 'Seconde', 'Économie', 'E', 'Pau');
INSERT INTO eleves (eleve_id, nom, prenom, email, password, classe, specialite, filiere, lieu)
VALUES (31, 'Lemoine', 'Amandine', 'amandine.lemoine@example.com', 'pass778', 'Première', 'Lettres', 'L', 'Cergy');
INSERT INTO eleves (eleve_id, nom, prenom, email, password, classe, specialite, filiere, lieu)
VALUES (32, 'Dufresne', 'Lucie', 'lucie.dufresne@example.com', 'pass889', 'Terminale', 'Sciences', 'S', 'Pau');
INSERT INTO eleves (eleve_id, nom, prenom, email, password, classe, specialite, filiere, lieu)
VALUES (33, 'Legrand', 'Marc', 'marc.legrand@example.com', 'pass990', 'Seconde', 'Lettres', 'L', 'Cergy');
INSERT INTO eleves (eleve_id, nom, prenom, email, password, classe, specialite, filiere, lieu)
VALUES (34, 'Bouvier', 'Lucie', 'lucie.bouvier@example.com', 'pass1011', 'Première', 'Sciences', 'S', 'Pau');
INSERT INTO eleves (eleve_id, nom, prenom, email, password, classe, specialite, filiere, lieu)
VALUES (35, 'Renaud', 'Benoît', 'benoit.renaud@example.com', 'pass1122', 'Terminale', 'Lettres', 'L', 'Cergy');
INSERT INTO eleves (eleve_id, nom, prenom, email, password, classe, specialite, filiere, lieu)
VALUES (36, 'Vidal', 'Sophie', 'sophie.vidal@example.com', 'pass1233', 'Seconde', 'Économie', 'E', 'Pau');
INSERT INTO eleves (eleve_id, nom, prenom, email, password, classe, specialite, filiere, lieu)
VALUES (37, 'Dupuis', 'Nicolas', 'nicolas.dupuis@example.com', 'pass1344', 'Première', 'Lettres', 'L', 'Cergy');
INSERT INTO eleves (eleve_id, nom, prenom, email, password, classe, specialite, filiere, lieu)
VALUES (38, 'Fortier', 'Léa', 'lea.fortier@example.com', 'pass1455', 'Terminale', 'Sciences', 'S', 'Pau');
INSERT INTO eleves (eleve_id, nom, prenom, email, password, classe, specialite, filiere, lieu)
VALUES (39, 'Robert', 'Jules', 'jules.robert@example.com', 'pass1566', 'Seconde', 'Lettres', 'L', 'Cergy');
INSERT INTO eleves (eleve_id, nom, prenom, email, password, classe, specialite, filiere, lieu)
VALUES (40, 'Meunier', 'Claire', 'claire.meunier@example.com', 'pass1677', 'Première', 'Sciences', 'S', 'Pau');
INSERT INTO eleves (eleve_id, nom, prenom, email, password, classe, specialite, filiere, lieu)
VALUES (41, 'Gros', 'Pierre', 'pierre.gros@example.com', 'pass1788', 'Terminale', 'Lettres', 'L', 'Cergy');
INSERT INTO eleves (eleve_id, nom, prenom, email, password, classe, specialite, filiere, lieu)
VALUES (42, 'Lemoine', 'Antoine', 'antoine.lemoine@example.com', 'pass1899', 'Seconde', 'Économie', 'E', 'Pau');
INSERT INTO eleves (eleve_id, nom, prenom, email, password, classe, specialite, filiere, lieu)
VALUES (43, 'Thibault', 'Alice', 'alice.thibault@example.com', 'pass2000', 'Première', 'Lettres', 'L', 'Cergy');
INSERT INTO eleves (eleve_id, nom, prenom, email, password, classe, specialite, filiere, lieu)
VALUES (44, 'Marchand', 'Éric', 'eric.marchand@example.com', 'pass2111', 'Terminale', 'Sciences', 'S', 'Pau');
INSERT INTO eleves (eleve_id, nom, prenom, email, password, classe, specialite, filiere, lieu)
VALUES (45, 'Bertin', 'Julien', 'julien.bertin@example.com', 'pass2222', 'Seconde', 'Lettres', 'L', 'Cergy');
INSERT INTO eleves (eleve_id, nom, prenom, email, password, classe, specialite, filiere, lieu)
VALUES (46, 'Génin', 'Estelle', 'estelle.genin@example.com', 'pass2333', 'Première', 'Sciences', 'S', 'Pau');
INSERT INTO eleves (eleve_id, nom, prenom, email, password, classe, specialite, filiere, lieu)
VALUES (47, 'Lemoine', 'Raphaël', 'raphael.lemoine@example.com', 'pass2444', 'Terminale', 'Lettres', 'L', 'Cergy');
INSERT INTO eleves (eleve_id, nom, prenom, email, password, classe, specialite, filiere, lieu)
VALUES (48, 'Vidal', 'Marie', 'marie.vidal@example.com', 'pass2555', 'Seconde', 'Économie', 'E', 'Pau');
INSERT INTO eleves (eleve_id, nom, prenom, email, password, classe, specialite, filiere, lieu)
VALUES (49, 'Martinez', 'Gabriel', 'gabriel.martinez@example.com', 'pass2666', 'Première', 'Lettres', 'L', 'Cergy');
INSERT INTO eleves (eleve_id, nom, prenom, email, password, classe, specialite, filiere, lieu)
VALUES (50, 'Vallee', 'Alice', 'alice.vallee@example.com', 'pass2777', 'Terminale', 'Sciences', 'S', 'Pau');
INSERT INTO eleves (eleve_id, nom, prenom, email, password, classe, specialite, filiere, lieu)
VALUES (51, 'Renard', 'Gérard', 'gerard.renard@example.com', 'pass2888', 'Seconde', 'Lettres', 'L', 'Cergy');
INSERT INTO eleves (eleve_id, nom, prenom, email, password, classe, specialite, filiere, lieu)
VALUES (52, 'Faure', 'Isabelle', 'isabelle.faure@example.com', 'pass2999', 'Première', 'Sciences', 'S', 'Pau');
INSERT INTO eleves (eleve_id, nom, prenom, email, password, classe, specialite, filiere, lieu)
VALUES (53, 'David', 'Florence', 'florence.david@example.com', 'pass3001', 'Terminale', 'Lettres', 'L', 'Cergy');
INSERT INTO eleves (eleve_id, nom, prenom, email, password, classe, specialite, filiere, lieu)
VALUES (54, 'Robert', 'Marion', 'marion.robert@example.com', 'pass3111', 'Seconde', 'Économie', 'E', 'Pau');
INSERT INTO eleves (eleve_id, nom, prenom, email, password, classe, specialite, filiere, lieu)
VALUES (55, 'Gérard', 'Théo', 'theo.gerard@example.com', 'pass3222', 'Première', 'Lettres', 'L', 'Cergy');
INSERT INTO eleves (eleve_id, nom, prenom, email, password, classe, specialite, filiere, lieu)
VALUES (56, 'Perrin', 'Sophie', 'sophie.perrin@example.com', 'pass3333', 'Terminale', 'Sciences', 'S', 'Pau');
INSERT INTO eleves (eleve_id, nom, prenom, email, password, classe, specialite, filiere, lieu)
VALUES (57, 'Bauer', 'Rosa', 'rosa.bauer@example.com', 'pass3444', 'Seconde', 'Lettres', 'L', 'Cergy');
INSERT INTO eleves (eleve_id, nom, prenom, email, password, classe, specialite, filiere, lieu)
VALUES (58, 'Mallet', 'Lilian', 'lilian.mallet@example.com', 'pass3555', 'Première', 'Sciences', 'S', 'Pau');
INSERT INTO eleves (eleve_id, nom, prenom, email, password, classe, specialite, filiere, lieu)
VALUES (59, 'Guerrier', 'Bénédicte', 'benedicte.guerrier@example.com', 'pass3666', 'Terminale', 'Lettres', 'L', 'Cergy');
INSERT INTO eleves (eleve_id, nom, prenom, email, password, classe, specialite, filiere, lieu)
VALUES (60, 'Morel', 'Julien', 'julien.morel@example.com', 'pass3777', 'Seconde', 'Économie', 'E', 'Pau');
INSERT INTO eleves (eleve_id, nom, prenom, email, password, classe, specialite, filiere, lieu)
VALUES (61, 'Dufresne', 'Manon', 'manon.dufresne@example.com', 'pass3888', 'Première', 'Lettres', 'L', 'Cergy');
INSERT INTO eleves (eleve_id, nom, prenom, email, password, classe, specialite, filiere, lieu)
VALUES (62, 'Lemoine', 'Léo', 'leo.lemoine@example.com', 'pass3999', 'Terminale', 'Sciences', 'S', 'Pau');
INSERT INTO eleves (eleve_id, nom, prenom, email, password, classe, specialite, filiere, lieu)
VALUES (63, 'Durand', 'Alban', 'alban.durand@example.com', 'pass4111', 'Seconde', 'Lettres', 'L', 'Cergy');
INSERT INTO eleves (eleve_id, nom, prenom, email, password, classe, specialite, filiere, lieu)
VALUES (64, 'Fontaine', 'Aurélie', 'aurelie.fontaine@example.com', 'pass4222', 'Première', 'Sciences', 'S', 'Pau');
INSERT INTO eleves (eleve_id, nom, prenom, email, password, classe, specialite, filiere, lieu)
VALUES (65, 'Robert', 'Mélanie', 'melanie.robert@example.com', 'pass4333', 'Terminale', 'Lettres', 'L', 'Cergy');
INSERT INTO eleves (eleve_id, nom, prenom, email, password, classe, specialite, filiere, lieu)
VALUES (66, 'Gaultier', 'Alban', 'alban.gaultier@example.com', 'pass4444', 'Seconde', 'Économie', 'E', 'Pau');
INSERT INTO eleves (eleve_id, nom, prenom, email, password, classe, specialite, filiere, lieu)
VALUES (67, 'Meyer', 'Julie', 'julie.meyer@example.com', 'pass4555', 'Première', 'Lettres', 'L', 'Cergy');
INSERT INTO eleves (eleve_id, nom, prenom, email, password, classe, specialite, filiere, lieu)
VALUES (68, 'Vallee', 'Cécile', 'cecile.vallee@example.com', 'pass4666', 'Terminale', 'Sciences', 'S', 'Pau');
INSERT INTO eleves (eleve_id, nom, prenom, email, password, classe, specialite, filiere, lieu)
VALUES (69, 'Dupont', 'Béatrice', 'beatrice.dupont@example.com', 'pass4777', 'Seconde', 'Lettres', 'L', 'Cergy');
INSERT INTO eleves (eleve_id, nom, prenom, email, password, classe, specialite, filiere, lieu)
VALUES (70, 'Roux', 'Jean', 'jean.roux@example.com', 'pass4888', 'Première', 'Sciences', 'S', 'Pau');
INSERT INTO eleves (eleve_id, nom, prenom, email, password, classe, specialite, filiere, lieu)
VALUES (71, 'Renaud', 'Margaux', 'margaux.renaud@example.com', 'pass4999', 'Terminale', 'Lettres', 'L', 'Cergy');
INSERT INTO eleves (eleve_id, nom, prenom, email, password, classe, specialite, filiere, lieu)
VALUES (72, 'Durand', 'Maxime', 'maxime.durand@example.com', 'pass5001', 'Seconde', 'Économie', 'E', 'Pau');
INSERT INTO eleves (eleve_id, nom, prenom, email, password, classe, specialite, filiere, lieu)
VALUES (73, 'Meunier', 'Isabelle', 'isabelle.meunier@example.com', 'pass5111', 'Première', 'Lettres', 'L', 'Cergy');
INSERT INTO eleves (eleve_id, nom, prenom, email, password, classe, specialite, filiere, lieu)
VALUES (74, 'Girard', 'Nicolas', 'nicolas.girard@example.com', 'pass5222', 'Terminale', 'Sciences', 'S', 'Pau');
INSERT INTO eleves (eleve_id, nom, prenom, email, password, classe, specialite, filiere, lieu)
VALUES (75, 'Marchand', 'Alice', 'alice.marchand@example.com', 'pass5333', 'Seconde', 'Lettres', 'L', 'Cergy');
INSERT INTO eleves (eleve_id, nom, prenom, email, password, classe, specialite, filiere, lieu)
VALUES (76, 'Gauthier', 'Simon', 'simon.gauthier@example.com', 'pass5444', 'Première', 'Sciences', 'S', 'Pau');
INSERT INTO eleves (eleve_id, nom, prenom, email, password, classe, specialite, filiere, lieu)
VALUES (77, 'Lemoine', 'Léon', 'leon.lemoine@example.com', 'pass5555', 'Terminale', 'Lettres', 'L', 'Cergy');
INSERT INTO eleves (eleve_id, nom, prenom, email, password, classe, specialite, filiere, lieu)
VALUES (78, 'Fontaine', 'Bernadette', 'bernadette.fontaine@example.com', 'pass5666', 'Seconde', 'Économie', 'E', 'Pau');
INSERT INTO eleves (eleve_id, nom, prenom, email, password, classe, specialite, filiere, lieu)
VALUES (79, 'Colin', 'Michel', 'michel.colin@example.com', 'pass5777', 'Première', 'Lettres', 'L', 'Cergy');
INSERT INTO eleves (eleve_id, nom, prenom, email, password, classe, specialite, filiere, lieu)
VALUES (80, 'Rousseau', 'Corinne', 'corinne.rousseau@example.com', 'pass5888', 'Terminale', 'Sciences', 'S', 'Pau');
INSERT INTO eleves (eleve_id, nom, prenom, email, password, classe, specialite, filiere, lieu)
VALUES (81, 'Roux', 'Marc', 'marc.roux@example.com', 'pass5999', 'Seconde', 'Lettres', 'L', 'Cergy');
INSERT INTO eleves (eleve_id, nom, prenom, email, password, classe, specialite, filiere, lieu)
VALUES (82, 'Lemoine', 'Sarah', 'sarah.lemoine@example.com', 'pass6001', 'Première', 'Sciences', 'S', 'Pau');
INSERT INTO eleves (eleve_id, nom, prenom, email, password, classe, specialite, filiere, lieu)
VALUES (83, 'Bertin', 'Thibault', 'thibault.bertin@example.com', 'pass6111', 'Terminale', 'Lettres', 'L', 'Cergy');
INSERT INTO eleves (eleve_id, nom, prenom, email, password, classe, specialite, filiere, lieu)
VALUES (84, 'Vallee', 'Vincent', 'vincent.vallee@example.com', 'pass6222', 'Seconde', 'Économie', 'E', 'Pau');
INSERT INTO eleves (eleve_id, nom, prenom, email, password, classe, specialite, filiere, lieu)
VALUES (85, 'Dufresne', 'Elodie', 'elodie.dufresne@example.com', 'pass6333', 'Première', 'Lettres', 'L', 'Cergy');
INSERT INTO eleves (eleve_id, nom, prenom, email, password, classe, specialite, filiere, lieu)
VALUES (86, 'Marchand', 'Bastien', 'bastien.marchand@example.com', 'pass6444', 'Terminale', 'Sciences', 'S', 'Pau');
INSERT INTO eleves (eleve_id, nom, prenom, email, password, classe, specialite, filiere, lieu)
VALUES (87, 'Leclerc', 'Adrien', 'adrien.leclerc@example.com', 'pass6555', 'Seconde', 'Lettres', 'L', 'Cergy');
INSERT INTO eleves (eleve_id, nom, prenom, email, password, classe, specialite, filiere, lieu)
VALUES (88, 'Robert', 'Vincent', 'vincent.robert@example.com', 'pass6666', 'Première', 'Sciences', 'S', 'Pau');
INSERT INTO eleves (eleve_id, nom, prenom, email, password, classe, specialite, filiere, lieu)
VALUES (89, 'Gauthier', 'François', 'francois.gauthier@example.com', 'pass6777', 'Terminale', 'Lettres', 'L', 'Cergy');
INSERT INTO eleves (eleve_id, nom, prenom, email, password, classe, specialite, filiere, lieu)
VALUES (90, 'Gros', 'Laurence', 'laurence.gros@example.com', 'pass6888', 'Seconde', 'Économie', 'E', 'Pau');


-- B. Insertion de données dans administrateurs (30 enregistrements)
INSERT INTO administrateurs (admin_id, nom, prenom, email, password, role)
VALUES (1, 'Rousseau', 'Alice', 'alice.rousseau@example.com', 'admin123', 'Support');
INSERT INTO administrateurs (admin_id, nom, prenom, email, password, role)
VALUES (2, 'Lemoine', 'Bernard', 'bernard.lemoine@example.com', 'admin456', 'Manager');
INSERT INTO administrateurs (admin_id, nom, prenom, email, password, role)
VALUES (3, 'Fontaine', 'Caroline', 'caroline.fontaine@example.com', 'admin789', 'Support');
INSERT INTO administrateurs (admin_id, nom, prenom, email, password, role)
VALUES (4, 'Dubois', 'David', 'david.dubois@example.com', 'admin321', 'IT');
INSERT INTO administrateurs (admin_id, nom, prenom, email, password, role)
VALUES (5, 'Mercier', 'Elodie', 'elodie.mercier@example.com', 'admin654', 'Manager');
INSERT INTO administrateurs (admin_id, nom, prenom, email, password, role)
VALUES (6, 'Petit', 'Julien', 'julien.petit@example.com', 'admin111', 'Support');
INSERT INTO administrateurs (admin_id, nom, prenom, email, password, role)
VALUES (7, 'Morel', 'Sophie', 'sophie.morel@example.com', 'admin222', 'Manager');
INSERT INTO administrateurs (admin_id, nom, prenom, email, password, role)
VALUES (8, 'Durand', 'Marc', 'marc.durand@example.com', 'admin333', 'Support');
INSERT INTO administrateurs (admin_id, nom, prenom, email, password, role)
VALUES (9, 'Giraud', 'Nathalie', 'nathalie.giraud@example.com', 'admin444', 'IT');
INSERT INTO administrateurs (admin_id, nom, prenom, email, password, role)
VALUES (10, 'Lefevre', 'Pierre', 'pierre.lefevre@example.com', 'admin555', 'Support');
INSERT INTO administrateurs (admin_id, nom, prenom, email, password, role)
VALUES (11, 'Leroy', 'Isabelle', 'isabelle.leroy@example.com', 'admin666', 'Manager');
INSERT INTO administrateurs (admin_id, nom, prenom, email, password, role)
VALUES (12, 'Michel', 'Antoine', 'antoine.michel@example.com', 'admin777', 'Support');
INSERT INTO administrateurs (admin_id, nom, prenom, email, password, role)
VALUES (13, 'Bertrand', 'Claire', 'claire.bertrand@example.com', 'admin888', 'IT');
INSERT INTO administrateurs (admin_id, nom, prenom, email, password, role)
VALUES (14, 'Blanc', 'Thomas', 'thomas.blanc@example.com', 'admin999', 'Support');
INSERT INTO administrateurs (admin_id, nom, prenom, email, password, role)
VALUES (15, 'Garnier', 'Julie', 'julie.garnier@example.com', 'admin101', 'Manager');
INSERT INTO administrateurs (admin_id, nom, prenom, email, password, role)
VALUES (16, 'Roux', 'Olivier', 'olivier.roux@example.com', 'admin202', 'Support');
INSERT INTO administrateurs (admin_id, nom, prenom, email, password, role)
VALUES (17, 'Fournier', 'Sophie', 'sophie.fournier@example.com', 'admin303', 'IT');
INSERT INTO administrateurs (admin_id, nom, prenom, email, password, role)
VALUES (18, 'Moreau', 'Alexandre', 'alexandre.moreau@example.com', 'admin404', 'Support');
INSERT INTO administrateurs (admin_id, nom, prenom, email, password, role)
VALUES (19, 'Germain', 'Laura', 'laura.germain@example.com', 'admin505', 'Manager');
INSERT INTO administrateurs (admin_id, nom, prenom, email, password, role)
VALUES (20, 'Perrin', 'Mathieu', 'mathieu.perrin@example.com', 'admin606', 'Support');
INSERT INTO administrateurs (admin_id, nom, prenom, email, password, role)
VALUES (21, 'Renard', 'Elodie', 'elodie.renard@example.com', 'admin707', 'IT');
INSERT INTO administrateurs (admin_id, nom, prenom, email, password, role)
VALUES (22, 'Leclerc', 'Juliette', 'juliette.leclerc@example.com', 'admin808', 'Support');
INSERT INTO administrateurs (admin_id, nom, prenom, email, password, role)
VALUES (23, 'Gauthier', 'Maxime', 'maxime.gauthier@example.com', 'admin909', 'Manager');
INSERT INTO administrateurs (admin_id, nom, prenom, email, password, role)
VALUES (24, 'Barbier', 'Camille', 'camille.barbier@example.com', 'admin112', 'Support');
INSERT INTO administrateurs (admin_id, nom, prenom, email, password, role)
VALUES (25, 'Renaud', 'Sébastien', 'sebastien.renaud@example.com', 'admin223', 'IT');
INSERT INTO administrateurs (admin_id, nom, prenom, email, password, role)
VALUES (26, 'Meyer', 'Valérie', 'valerie.meyer@example.com', 'admin334', 'Support');
INSERT INTO administrateurs (admin_id, nom, prenom, email, password, role)
VALUES (27, 'Giraud', 'Corinne', 'corinne.giraud@example.com', 'admin445', 'Manager');
INSERT INTO administrateurs (admin_id, nom, prenom, email, password, role)
VALUES (28, 'Bourgeois', 'Dominique', 'dominique.bourgeois@example.com', 'admin556', 'Support');
INSERT INTO administrateurs (admin_id, nom, prenom, email, password, role)
VALUES (29, 'Rousseau', 'Georges', 'georges.rousseau@example.com', 'admin667', 'IT');
INSERT INTO administrateurs (admin_id, nom, prenom, email, password, role)
VALUES (30, 'Colin', 'Amandine', 'amandine.colin@example.com', 'admin778', 'Support');
INSERT INTO administrateurs (admin_id, nom, prenom, email, password, role)
VALUES (31, 'Dufresne', 'Paul', 'paul.dufresne@example.com', 'admin889', 'Manager');
INSERT INTO administrateurs (admin_id, nom, prenom, email, password, role)
VALUES (32, 'Bertin', 'Véronique', 'veronique.bertin@example.com', 'admin990', 'Support');
INSERT INTO administrateurs (admin_id, nom, prenom, email, password, role)
VALUES (33, 'Meunier', 'François', 'francois.meunier@example.com', 'admin1001', 'IT');
INSERT INTO administrateurs (admin_id, nom, prenom, email, password, role)
VALUES (34, 'Marchand', 'Olivier', 'olivier.marchand@example.com', 'admin1012', 'Manager');
INSERT INTO administrateurs (admin_id, nom, prenom, email, password, role)
VALUES (35, 'Leclerc', 'Marc', 'marc.leclerc@example.com', 'admin1023', 'Support');
INSERT INTO administrateurs (admin_id, nom, prenom, email, password, role)
VALUES (36, 'Renard', 'Antoine', 'antoine.renard@example.com', 'admin1034', 'IT');
INSERT INTO administrateurs (admin_id, nom, prenom, email, password, role)
VALUES (37, 'Garnier', 'Lise', 'lise.garnier@example.com', 'admin1045', 'Support');
INSERT INTO administrateurs (admin_id, nom, prenom, email, password, role)
VALUES (38, 'Roux', 'Victor', 'victor.roux@example.com', 'admin1056', 'Manager');
INSERT INTO administrateurs (admin_id, nom, prenom, email, password, role)
VALUES (39, 'Dufresne', 'Sébastien', 'sebastien.dufresne@example.com', 'admin1067', 'Support');
INSERT INTO administrateurs (admin_id, nom, prenom, email, password, role)
VALUES (40, 'Blanc', 'Élise', 'elise.blanc@example.com', 'admin1078', 'IT');
INSERT INTO administrateurs (admin_id, nom, prenom, email, password, role)
VALUES (41, 'Giraud', 'Mathieu', 'mathieu.giraud@example.com', 'admin1089', 'Manager');
INSERT INTO administrateurs (admin_id, nom, prenom, email, password, role)
VALUES (42, 'Michel', 'Sophie', 'sophie.michel@example.com', 'admin1100', 'Support');
INSERT INTO administrateurs (admin_id, nom, prenom, email, password, role)
VALUES (43, 'Lemoine', 'Sylvain', 'sylvain.lemoine@example.com', 'admin1111', 'IT');
INSERT INTO administrateurs (admin_id, nom, prenom, email, password, role)
VALUES (44, 'Gauthier', 'Pauline', 'pauline.gauthier@example.com', 'admin1122', 'Support');
INSERT INTO administrateurs (admin_id, nom, prenom, email, password, role)
VALUES (45, 'Leclerc', 'Jean', 'jean.leclerc@example.com', 'admin1133', 'Manager');
INSERT INTO administrateurs (admin_id, nom, prenom, email, password, role)
VALUES (46, 'Bertrand', 'Juliette', 'juliette.bertrand@example.com', 'admin1144', 'Support');
INSERT INTO administrateurs (admin_id, nom, prenom, email, password, role)
VALUES (47, 'Renaud', 'Paul', 'paul.renaud@example.com', 'admin1155', 'IT');
INSERT INTO administrateurs (admin_id, nom, prenom, email, password, role)
VALUES (48, 'Fontaine', 'Bernard', 'bernard.fontaine@example.com', 'admin1166', 'Support');
INSERT INTO administrateurs (admin_id, nom, prenom, email, password, role)
VALUES (49, 'Blanc', 'Sébastien', 'sebastien.blanc@example.com', 'admin1177', 'Manager');
INSERT INTO administrateurs (admin_id, nom, prenom, email, password, role)
VALUES (50, 'Garnier', 'Lucas', 'lucas.garnier@example.com', 'admin1188', 'Support');
INSERT INTO administrateurs (admin_id, nom, prenom, email, password, role)
VALUES (51, 'Morel', 'Elise', 'elise.morel@example.com', 'admin1199', 'IT');
INSERT INTO administrateurs (admin_id, nom, prenom, email, password, role)
VALUES (52, 'Meyer', 'Michel', 'michel.meyer@example.com', 'admin1201', 'Support');
INSERT INTO administrateurs (admin_id, nom, prenom, email, password, role)
VALUES (53, 'Perrin', 'Sophie', 'sophie.perrin@example.com', 'admin1212', 'Manager');
INSERT INTO administrateurs (admin_id, nom, prenom, email, password, role)
VALUES (54, 'Lemoine', 'Lucie', 'lucie.lemoine@example.com', 'admin1223', 'Support');
INSERT INTO administrateurs (admin_id, nom, prenom, email, password, role)
VALUES (55, 'Barbier', 'Juliette', 'juliette.barbier@example.com', 'admin1234', 'IT');
INSERT INTO administrateurs (admin_id, nom, prenom, email, password, role)
VALUES (56, 'Durand', 'Thomas', 'thomas.durand@example.com', 'admin1245', 'Support');
INSERT INTO administrateurs (admin_id, nom, prenom, email, password, role)
VALUES (57, 'Roux', 'Emilie', 'emilie.roux@example.com', 'admin1256', 'Manager');
INSERT INTO administrateurs (admin_id, nom, prenom, email, password, role)
VALUES (58, 'Michel', 'David', 'david.michel@example.com', 'admin1267', 'Support');
INSERT INTO administrateurs (admin_id, nom, prenom, email, password, role)
VALUES (59, 'Giraud', 'Amélie', 'amelie.giraud@example.com', 'admin1278', 'IT');
INSERT INTO administrateurs (admin_id, nom, prenom, email, password, role)
VALUES (60, 'Perrin', 'Victor', 'victor.perrin@example.com', 'admin1289', 'Support');
INSERT INTO administrateurs (admin_id, nom, prenom, email, password, role)
VALUES (61, 'Renaud', 'Manon', 'manon.renaud@example.com', 'admin1299', 'Manager');
INSERT INTO administrateurs (admin_id, nom, prenom, email, password, role)
VALUES (62, 'Gauthier', 'Lucas', 'lucas.gauthier@example.com', 'admin1301', 'Support');
INSERT INTO administrateurs (admin_id, nom, prenom, email, password, role)
VALUES (63, 'Leclerc', 'Benoît', 'benoit.leclerc@example.com', 'admin1312', 'IT');
INSERT INTO administrateurs (admin_id, nom, prenom, email, password, role)
VALUES (64, 'Lemoine', 'Franck', 'franck.lemoine@example.com', 'admin1323', 'Support');
INSERT INTO administrateurs (admin_id, nom, prenom, email, password, role)
VALUES (65, 'Garnier', 'Romain', 'romain.garnier@example.com', 'admin1334', 'Manager');
INSERT INTO administrateurs (admin_id, nom, prenom, email, password, role)
VALUES (66, 'Giraud', 'Lucie', 'lucie.giraud@example.com', 'admin1345', 'Support');
INSERT INTO administrateurs (admin_id, nom, prenom, email, password, role)
VALUES (67, 'Durand', 'Alice', 'alice.durand@example.com', 'admin1356', 'IT');
INSERT INTO administrateurs (admin_id, nom, prenom, email, password, role)
VALUES (68, 'Renard', 'Sébastien', 'sebastien.renard@example.com', 'admin1367', 'Support');
INSERT INTO administrateurs (admin_id, nom, prenom, email, password, role)
VALUES (69, 'Morel', 'Julien', 'julien.morel@example.com', 'admin1378', 'Manager');
INSERT INTO administrateurs (admin_id, nom, prenom, email, password, role)
VALUES (70, 'Fontaine', 'Benoît', 'benoit.fontaine@example.com', 'admin1389', 'Support');
INSERT INTO administrateurs (admin_id, nom, prenom, email, password, role)
VALUES (71, 'Perrin', 'Julien', 'julien.perrin@example.com', 'admin1399', 'IT');
INSERT INTO administrateurs (admin_id, nom, prenom, email, password, role)
VALUES (72, 'Garnier', 'Lucas', 'lucas.garnier@example.com', 'admin1401', 'Support');
INSERT INTO administrateurs (admin_id, nom, prenom, email, password, role)
VALUES (73, 'Leclerc', 'Paul', 'paul.leclerc@example.com', 'admin1412', 'Manager');
INSERT INTO administrateurs (admin_id, nom, prenom, email, password, role)
VALUES (74, 'Roux', 'Mathieu', 'mathieu.roux@example.com', 'admin1423', 'Support');
INSERT INTO administrateurs (admin_id, nom, prenom, email, password, role)
VALUES (75, 'Renaud', 'Chloé', 'chloe.renaud@example.com', 'admin1434', 'IT');
INSERT INTO administrateurs (admin_id, nom, prenom, email, password, role)
VALUES (76, 'Gauthier', 'Aurélie', 'aurelie.gauthier@example.com', 'admin1445', 'Support');
INSERT INTO administrateurs (admin_id, nom, prenom, email, password, role)
VALUES (77, 'Barbier', 'Frédéric', 'frederic.barbier@example.com', 'admin1456', 'Manager');
INSERT INTO administrateurs (admin_id, nom, prenom, email, password, role)
VALUES (78, 'Meyer', 'Hélène', 'helene.meyer@example.com', 'admin1467', 'Support');
INSERT INTO administrateurs (admin_id, nom, prenom, email, password, role)
VALUES (79, 'Blanc', 'Charlotte', 'charlotte.blanc@example.com', 'admin1478', 'IT');
INSERT INTO administrateurs (admin_id, nom, prenom, email, password, role)
VALUES (80, 'Garnier', 'Emilie', 'emilie.garnier@example.com', 'admin1489', 'Support');
INSERT INTO administrateurs (admin_id, nom, prenom, email, password, role)
VALUES (81, 'Perrin', 'Nathalie', 'nathalie.perrin@example.com', 'admin1499', 'Manager');
INSERT INTO administrateurs (admin_id, nom, prenom, email, password, role)
VALUES (82, 'Giraud', 'Émilie', 'emilie.giraud@example.com', 'admin1501', 'Support');
INSERT INTO administrateurs (admin_id, nom, prenom, email, password, role)
VALUES (83, 'Roux', 'Alice', 'alice.roux@example.com', 'admin1512', 'IT');
INSERT INTO administrateurs (admin_id, nom, prenom, email, password, role)
VALUES (84, 'Leclerc', 'Éric', 'eric.leclerc@example.com', 'admin1523', 'Support');
INSERT INTO administrateurs (admin_id, nom, prenom, email, password, role)
VALUES (85, 'Dufresne', 'Laure', 'laure.dufresne@example.com', 'admin1534', 'Manager');
INSERT INTO administrateurs (admin_id, nom, prenom, email, password, role)
VALUES (86, 'Renard', 'Catherine', 'catherine.renard@example.com', 'admin1545', 'Support');
INSERT INTO administrateurs (admin_id, nom, prenom, email, password, role)
VALUES (87, 'Gauthier', 'Thomas', 'thomas.gauthier@example.com', 'admin1556', 'IT');
INSERT INTO administrateurs (admin_id, nom, prenom, email, password, role)
VALUES (88, 'Morel', 'Pauline', 'pauline.morel@example.com', 'admin1567', 'Support');
INSERT INTO administrateurs (admin_id, nom, prenom, email, password, role)
VALUES (89, 'Leclerc', 'Françoise', 'francoise.leclerc@example.com', 'admin1578', 'Manager');
INSERT INTO administrateurs (admin_id, nom, prenom, email, password, role)
VALUES (90, 'Dufresne', 'Hélène', 'helene.dufresne@example.com', 'admin1589', 'Support');


-- C. Insertion de données dans tickets (30 enregistrements)
INSERT INTO tickets (ticket_id, sujet, description, statut, date_ouverture, date_fermeture, eleve_id, assigne_id)
VALUES (1, 'Problème de connexion', 'Impossible de se connecter au réseau scolaire.', 0, CURRENT_TIMESTAMP, NULL, 1, 1);
INSERT INTO tickets (ticket_id, sujet, description, statut, date_ouverture, date_fermeture, eleve_id, assigne_id)
VALUES (2, 'Erreur logicielle', 'L''application de gestion ne démarre pas.', 1, CURRENT_TIMESTAMP, NULL, 2, 2);
INSERT INTO tickets (ticket_id, sujet, description, statut, date_ouverture, date_fermeture, eleve_id, assigne_id)
VALUES (3, 'Ordinateur lent', 'Le système est très lent après la mise à jour.', 0, CURRENT_TIMESTAMP, NULL, 3, 3);
INSERT INTO tickets (ticket_id, sujet, description, statut, date_ouverture, date_fermeture, eleve_id, assigne_id)
VALUES (4, 'Impression impossible', 'Impossible d''imprimer depuis le bureau.', 2, CURRENT_TIMESTAMP, CURRENT_TIMESTAMP, 4, 1);
INSERT INTO tickets (ticket_id, sujet, description, statut, date_ouverture, date_fermeture, eleve_id, assigne_id)
VALUES (5, 'Problème d''email', 'Les emails ne se synchronisent pas correctement.', 1, CURRENT_TIMESTAMP, NULL, 5, 2);
INSERT INTO tickets (ticket_id, sujet, description, statut, date_ouverture, date_fermeture, eleve_id, assigne_id)
VALUES (6, 'Accès refusé', 'Accès refusé au portail étudiant.', 0, CURRENT_TIMESTAMP, NULL, 6, 4);
INSERT INTO tickets (ticket_id, sujet, description, statut, date_ouverture, date_fermeture, eleve_id, assigne_id)
VALUES (7, 'Problème d''impression', 'Impression lente dans l''imprimante du labo.', 0, CURRENT_TIMESTAMP, NULL, 7, 1);
INSERT INTO tickets (ticket_id, sujet, description, statut, date_ouverture, date_fermeture, eleve_id, assigne_id)
VALUES (8, 'Erreur système', 'Erreur système lors de l''exécution du programme.', 1, CURRENT_TIMESTAMP, NULL, 8, 2);
INSERT INTO tickets (ticket_id, sujet, description, statut, date_ouverture, date_fermeture, eleve_id, assigne_id)
VALUES (9, 'Connexion Wi-Fi', 'Problème de connexion Wi-Fi dans la salle informatique.', 0, CURRENT_TIMESTAMP, NULL, 9, 3);
INSERT INTO tickets (ticket_id, sujet, description, statut, date_ouverture, date_fermeture, eleve_id, assigne_id)
VALUES (10, 'Accès refusé', 'Accès refusé au portail de l''école.', 1, CURRENT_TIMESTAMP, NULL, 10, 4);
INSERT INTO tickets (ticket_id, sujet, description, statut, date_ouverture, date_fermeture, eleve_id, assigne_id)
VALUES (11, 'Installation logiciel', 'Impossible d''installer un logiciel.', 0, CURRENT_TIMESTAMP, NULL, 11, 5);
INSERT INTO tickets (ticket_id, sujet, description, statut, date_ouverture, date_fermeture, eleve_id, assigne_id)
VALUES (12, 'Mise à jour requise', 'Mise à jour système requise pour le matériel.', 2, CURRENT_TIMESTAMP, CURRENT_TIMESTAMP, 12, 6);
INSERT INTO tickets (ticket_id, sujet, description, statut, date_ouverture, date_fermeture, eleve_id, assigne_id)
VALUES (13, 'Problème de licence', 'Erreur lors de la validation de licence.', 1, CURRENT_TIMESTAMP, NULL, 13, 7);
INSERT INTO tickets (ticket_id, sujet, description, statut, date_ouverture, date_fermeture, eleve_id, assigne_id)
VALUES (14, 'Bug d''affichage', 'Bug d''affichage sur l''écran principal.', 0, CURRENT_TIMESTAMP, NULL, 14, 8);
INSERT INTO tickets (ticket_id, sujet, description, statut, date_ouverture, date_fermeture, eleve_id, assigne_id)
VALUES (15, 'Redémarrage automatique', 'L''ordinateur redémarre tout seul.', 1, CURRENT_TIMESTAMP, NULL, 15, 9);
INSERT INTO tickets (ticket_id, sujet, description, statut, date_ouverture, date_fermeture, eleve_id, assigne_id)
VALUES (16, 'Panne de batterie', 'Batterie faible sur l''ordinateur portable.', 0, CURRENT_TIMESTAMP, NULL, 16, 10);
INSERT INTO tickets (ticket_id, sujet, description, statut, date_ouverture, date_fermeture, eleve_id, assigne_id)
VALUES (17, 'Erreur de mise à jour', 'Erreur durant la mise à jour du système.', 2, CURRENT_TIMESTAMP, CURRENT_TIMESTAMP, 17, 11);
INSERT INTO tickets (ticket_id, sujet, description, statut, date_ouverture, date_fermeture, eleve_id, assigne_id)
VALUES (18, 'Installation échouée', 'L''installation de l''application a échoué.', 1, CURRENT_TIMESTAMP, NULL, 18, 12);
INSERT INTO tickets (ticket_id, sujet, description, statut, date_ouverture, date_fermeture, eleve_id, assigne_id)
VALUES (19, 'Problème d''audio', 'Pas de son sur l''ordinateur.', 0, CURRENT_TIMESTAMP, NULL, 19, 13);
INSERT INTO tickets (ticket_id, sujet, description, statut, date_ouverture, date_fermeture, eleve_id, assigne_id)
VALUES (20, 'Connexion instable', 'Connexion réseau instable dans le bâtiment.', 1, CURRENT_TIMESTAMP, NULL, 20, 14);
INSERT INTO tickets (ticket_id, sujet, description, statut, date_ouverture, date_fermeture, eleve_id, assigne_id)
VALUES (21, 'Erreur de synchronisation', 'Les données ne se synchronisent pas correctement.', 0, CURRENT_TIMESTAMP, NULL, 21, 15);
INSERT INTO tickets (ticket_id, sujet, description, statut, date_ouverture, date_fermeture, eleve_id, assigne_id)
VALUES (22, 'Accès lent', 'Accès lent aux ressources du serveur.', 1, CURRENT_TIMESTAMP, NULL, 22, 16);
INSERT INTO tickets (ticket_id, sujet, description, statut, date_ouverture, date_fermeture, eleve_id, assigne_id)
VALUES (23, 'Problème de sécurité', 'Alerte de sécurité détectée sur l''ordinateur.', 2, CURRENT_TIMESTAMP, CURRENT_TIMESTAMP, 23, 17);
INSERT INTO tickets (ticket_id, sujet, description, statut, date_ouverture, date_fermeture, eleve_id, assigne_id)
VALUES (24, 'Défaillance matérielle', 'Défaillance du disque dur.', 0, CURRENT_TIMESTAMP, NULL, 24, 18);
INSERT INTO tickets (ticket_id, sujet, description, statut, date_ouverture, date_fermeture, eleve_id, assigne_id)
VALUES (25, 'Bug dans l''application', 'L''application se bloque fréquemment.', 1, CURRENT_TIMESTAMP, NULL, 25, 19);
INSERT INTO tickets (ticket_id, sujet, description, statut, date_ouverture, date_fermeture, eleve_id, assigne_id)
VALUES (26, 'Erreur réseau', 'Perte de connectivité intermittente.', 0, CURRENT_TIMESTAMP, NULL, 26, 20);
INSERT INTO tickets (ticket_id, sujet, description, statut, date_ouverture, date_fermeture, eleve_id, assigne_id)
VALUES (27, 'Problème d''impression avancé', 'Erreur lors de l''impression de documents volumineux.', 1, CURRENT_TIMESTAMP, NULL, 27, 21);
INSERT INTO tickets (ticket_id, sujet, description, statut, date_ouverture, date_fermeture, eleve_id, assigne_id)
VALUES (28, 'Mauvais paramétrage', 'Paramètres incorrects dans l''application.', 0, CURRENT_TIMESTAMP, NULL, 28, 22);
INSERT INTO tickets (ticket_id, sujet, description, statut, date_ouverture, date_fermeture, eleve_id, assigne_id)
VALUES (29, 'Déconnexion intempestive', 'Déconnexions fréquentes sur le réseau.', 1, CURRENT_TIMESTAMP, NULL, 29, 23);
INSERT INTO tickets (ticket_id, sujet, description, statut, date_ouverture, date_fermeture, eleve_id, assigne_id)
VALUES (30, 'Message d''erreur inconnu', 'Message d''erreur non identifié apparu sur l''écran.', 0, CURRENT_TIMESTAMP, NULL, 30, 24);
INSERT INTO tickets (ticket_id, sujet, description, statut, date_ouverture, date_fermeture, eleve_id, assigne_id)
VALUES (31, 'Problème de connexion réseau', 'Connexion à Internet impossible.', 1, CURRENT_TIMESTAMP, NULL, 31, 25);
INSERT INTO tickets (ticket_id, sujet, description, statut, date_ouverture, date_fermeture, eleve_id, assigne_id)
VALUES (32, 'Écran noir', 'L''écran reste noir au démarrage.', 0, CURRENT_TIMESTAMP, NULL, 32, 26);
INSERT INTO tickets (ticket_id, sujet, description, statut, date_ouverture, date_fermeture, eleve_id, assigne_id)
VALUES (33, 'Erreur de compatibilité', 'Erreur de compatibilité avec le logiciel', 1, CURRENT_TIMESTAMP, NULL, 33, 27);
INSERT INTO tickets (ticket_id, sujet, description, statut, date_ouverture, date_fermeture, eleve_id, assigne_id)
VALUES (34, 'Problème de mise à jour', 'Mise à jour de l''application échouée.', 0, CURRENT_TIMESTAMP, NULL, 34, 28);
INSERT INTO tickets (ticket_id, sujet, description, statut, date_ouverture, date_fermeture, eleve_id, assigne_id)
VALUES (35, 'Erreur d''installation', 'Impossible d''installer la mise à jour.', 1, CURRENT_TIMESTAMP, NULL, 35, 29);
INSERT INTO tickets (ticket_id, sujet, description, statut, date_ouverture, date_fermeture, eleve_id, assigne_id)
VALUES (36, 'Problème d''affichage', 'L''écran affiche des artefacts graphiques.', 0, CURRENT_TIMESTAMP, NULL, 36, 30);
INSERT INTO tickets (ticket_id, sujet, description, statut, date_ouverture, date_fermeture, eleve_id, assigne_id)
VALUES (37, 'Erreur de périphérique', 'Impossible de connecter le périphérique USB.', 1, CURRENT_TIMESTAMP, NULL, 37, 31);
INSERT INTO tickets (ticket_id, sujet, description, statut, date_ouverture, date_fermeture, eleve_id, assigne_id)
VALUES (38, 'Problème de son', 'Le son ne fonctionne plus après la mise à jour.', 0, CURRENT_TIMESTAMP, NULL, 38, 32);
INSERT INTO tickets (ticket_id, sujet, description, statut, date_ouverture, date_fermeture, eleve_id, assigne_id)
VALUES (39, 'Erreur de serveur', 'Impossible de se connecter au serveur distant.', 1, CURRENT_TIMESTAMP, NULL, 39, 33);
INSERT INTO tickets (ticket_id, sujet, description, statut, date_ouverture, date_fermeture, eleve_id, assigne_id)
VALUES (40, 'Problème de mot de passe', 'Le mot de passe est refusé lors de la connexion.', 0, CURRENT_TIMESTAMP, NULL, 40, 34);
INSERT INTO tickets (ticket_id, sujet, description, statut, date_ouverture, date_fermeture, eleve_id, assigne_id)
VALUES (41, 'Erreur de configuration', 'La configuration réseau est incorrecte.', 1, CURRENT_TIMESTAMP, NULL, 41, 35);
INSERT INTO tickets (ticket_id, sujet, description, statut, date_ouverture, date_fermeture, eleve_id, assigne_id)
VALUES (42, 'Problème d''interface', 'L''interface de l''application est corrompue.', 0, CURRENT_TIMESTAMP, NULL, 42, 36);
INSERT INTO tickets (ticket_id, sujet, description, statut, date_ouverture, date_fermeture, eleve_id, assigne_id)
VALUES (43, 'Problème d''accès au réseau', 'Impossible de se connecter au réseau interne.', 1, CURRENT_TIMESTAMP, NULL, 43, 37);
INSERT INTO tickets (ticket_id, sujet, description, statut, date_ouverture, date_fermeture, eleve_id, assigne_id)
VALUES (44, 'Problème de partage de fichiers', 'Impossible de partager des fichiers entre ordinateurs.', 0, CURRENT_TIMESTAMP, NULL, 44, 38);
INSERT INTO tickets (ticket_id, sujet, description, statut, date_ouverture, date_fermeture, eleve_id, assigne_id)
VALUES (45, 'Erreur de démarrage', 'L''ordinateur ne démarre plus.', 1, CURRENT_TIMESTAMP, NULL, 45, 39);
INSERT INTO tickets (ticket_id, sujet, description, statut, date_ouverture, date_fermeture, eleve_id, assigne_id)
VALUES (46, 'Erreur d''utilisation de la webcam', 'La webcam ne fonctionne pas correctement.', 0, CURRENT_TIMESTAMP, NULL, 46, 40);
INSERT INTO tickets (ticket_id, sujet, description, statut, date_ouverture, date_fermeture, eleve_id, assigne_id)
VALUES (47, 'Problème d''enregistrement', 'L''enregistrement de fichier ne fonctionne pas.', 1, CURRENT_TIMESTAMP, NULL, 47, 41);
INSERT INTO tickets (ticket_id, sujet, description, statut, date_ouverture, date_fermeture, eleve_id, assigne_id)
VALUES (48, 'Problème de connexion Bluetooth', 'Impossible de connecter un appareil Bluetooth.', 0, CURRENT_TIMESTAMP, NULL, 48, 42);
INSERT INTO tickets (ticket_id, sujet, description, statut, date_ouverture, date_fermeture, eleve_id, assigne_id)
VALUES (49, 'Application non responsive', 'L''application ne répond plus.', 1, CURRENT_TIMESTAMP, NULL, 49, 43);
INSERT INTO tickets (ticket_id, sujet, description, statut, date_ouverture, date_fermeture, eleve_id, assigne_id)
VALUES (50, 'Connexion lente', 'Connexion internet très lente dans le bâtiment.', 0, CURRENT_TIMESTAMP, NULL, 50, 44);
INSERT INTO tickets (ticket_id, sujet, description, statut, date_ouverture, date_fermeture, eleve_id, assigne_id)
VALUES (51, 'Erreur d''affichage des notifications', 'Les notifications ne s''affichent pas correctement.', 1, CURRENT_TIMESTAMP, NULL, 51, 45);
INSERT INTO tickets (ticket_id, sujet, description, statut, date_ouverture, date_fermeture, eleve_id, assigne_id)
VALUES (52, 'Problème de connexion au serveur', 'Impossible de se connecter au serveur distant.', 0, CURRENT_TIMESTAMP, NULL, 52, 46);
INSERT INTO tickets (ticket_id, sujet, description, statut, date_ouverture, date_fermeture, eleve_id, assigne_id)
VALUES (53, 'Erreur de détection de périphérique', 'Le périphérique n''est pas détecté par le système.', 1, CURRENT_TIMESTAMP, NULL, 53, 47);
INSERT INTO tickets (ticket_id, sujet, description, statut, date_ouverture, date_fermeture, eleve_id, assigne_id)
VALUES (54, 'Problème d''authentification', 'Impossible de se connecter au système.', 0, CURRENT_TIMESTAMP, NULL, 54, 48);
INSERT INTO tickets (ticket_id, sujet, description, statut, date_ouverture, date_fermeture, eleve_id, assigne_id)
VALUES (55, 'Erreur lors de la copie de fichiers', 'Erreur lors de la copie de fichiers vers le serveur.', 1, CURRENT_TIMESTAMP, NULL, 55, 49);
INSERT INTO tickets (ticket_id, sujet, description, statut, date_ouverture, date_fermeture, eleve_id, assigne_id)
VALUES (56, 'Erreur lors de l''installation d''une application', 'L''application ne s''installe pas correctement.', 0, CURRENT_TIMESTAMP, NULL, 56, 50);
INSERT INTO tickets (ticket_id, sujet, description, statut, date_ouverture, date_fermeture, eleve_id, assigne_id)
VALUES (57, 'Problème de permission', 'Le système refuse d''accorder les permissions.', 1, CURRENT_TIMESTAMP, NULL, 57, 51);
INSERT INTO tickets (ticket_id, sujet, description, statut, date_ouverture, date_fermeture, eleve_id, assigne_id)
VALUES (58, 'Problème d''interface graphique', 'L''interface graphique ne se charge pas correctement.', 0, CURRENT_TIMESTAMP, NULL, 58, 52);
INSERT INTO tickets (ticket_id, sujet, description, statut, date_ouverture, date_fermeture, eleve_id, assigne_id)
VALUES (59, 'Erreur de synchronisation des données', 'La synchronisation des données a échoué.', 1, CURRENT_TIMESTAMP, NULL, 59, 53);
INSERT INTO tickets (ticket_id, sujet, description, statut, date_ouverture, date_fermeture, eleve_id, assigne_id)
VALUES (60, 'Erreur système critique', 'Erreur critique du système survenue lors de l''exécution.', 0, CURRENT_TIMESTAMP, NULL, 60, 54);
INSERT INTO tickets (ticket_id, sujet, description, statut, date_ouverture, date_fermeture, eleve_id, assigne_id)
VALUES (61, 'Problème d''accès au dossier', 'Impossible d''accéder au dossier partagé.', 1, CURRENT_TIMESTAMP, NULL, 61, 55);
INSERT INTO tickets (ticket_id, sujet, description, statut, date_ouverture, date_fermeture, eleve_id, assigne_id)
VALUES (62, 'Erreur de mise à jour de logiciel', 'Le logiciel n''a pas pu être mis à jour.', 0, CURRENT_TIMESTAMP, NULL, 62, 56);
INSERT INTO tickets (ticket_id, sujet, description, statut, date_ouverture, date_fermeture, eleve_id, assigne_id)
VALUES (63, 'Problème de sauvegarde', 'La sauvegarde automatique échoue.', 1, CURRENT_TIMESTAMP, NULL, 63, 57);
INSERT INTO tickets (ticket_id, sujet, description, statut, date_ouverture, date_fermeture, eleve_id, assigne_id)
VALUES (64, 'Erreur dans la gestion des utilisateurs', 'Erreur dans l''ajout d''un nouvel utilisateur.', 0, CURRENT_TIMESTAMP, NULL, 64, 58);
INSERT INTO tickets (ticket_id, sujet, description, statut, date_ouverture, date_fermeture, eleve_id, assigne_id)
VALUES (65, 'Problème de connexion distante', 'Problème pour se connecter à distance au serveur.', 1, CURRENT_TIMESTAMP, NULL, 65, 59);
INSERT INTO tickets (ticket_id, sujet, description, statut, date_ouverture, date_fermeture, eleve_id, assigne_id)
VALUES (66, 'Défaillance du clavier', 'Le clavier ne répond plus correctement.', 0, CURRENT_TIMESTAMP, NULL, 66, 60);
INSERT INTO tickets (ticket_id, sujet, description, statut, date_ouverture, date_fermeture, eleve_id, assigne_id)
VALUES (67, 'Erreur de configuration du réseau', 'Le réseau est mal configuré.', 1, CURRENT_TIMESTAMP, NULL, 67, 61);
INSERT INTO tickets (ticket_id, sujet, description, statut, date_ouverture, date_fermeture, eleve_id, assigne_id)
VALUES (68, 'Problème de synchronisation de l''agenda', 'L''agenda ne se synchronise pas correctement.', 0, CURRENT_TIMESTAMP, NULL, 68, 62);
INSERT INTO tickets (ticket_id, sujet, description, statut, date_ouverture, date_fermeture, eleve_id, assigne_id)
VALUES (69, 'Problème d''accès à l''application', 'Impossible d''accéder à l''application après la mise à jour.', 1, CURRENT_TIMESTAMP, NULL, 69, 63);
INSERT INTO tickets (ticket_id, sujet, description, statut, date_ouverture, date_fermeture, eleve_id, assigne_id)
VALUES (70, 'Erreur de compatibilité des fichiers', 'Les fichiers ne sont pas compatibles avec la version actuelle du logiciel.', 0, CURRENT_TIMESTAMP, NULL, 70, 64);
INSERT INTO tickets (ticket_id, sujet, description, statut, date_ouverture, date_fermeture, eleve_id, assigne_id)
VALUES (71, 'Problème avec la mise à jour du système', 'Le système a échoué lors de la mise à jour.', 1, CURRENT_TIMESTAMP, NULL, 71, 65);
INSERT INTO tickets (ticket_id, sujet, description, statut, date_ouverture, date_fermeture, eleve_id, assigne_id)
VALUES (72, 'Problème de connexion USB', 'Le périphérique USB n''est pas détecté.', 0, CURRENT_TIMESTAMP, NULL, 72, 66);
INSERT INTO tickets (ticket_id, sujet, description, statut, date_ouverture, date_fermeture, eleve_id, assigne_id)
VALUES (73, 'Erreur dans le logiciel de calcul', 'Le logiciel de calcul affiche une erreur lors des calculs.', 1, CURRENT_TIMESTAMP, NULL, 73, 67);
INSERT INTO tickets (ticket_id, sujet, description, statut, date_ouverture, date_fermeture, eleve_id, assigne_id)
VALUES (74, 'Problème d''installation de mise à jour', 'Impossible d''installer la mise à jour sur le système.', 0, CURRENT_TIMESTAMP, NULL, 74, 68);
INSERT INTO tickets (ticket_id, sujet, description, statut, date_ouverture, date_fermeture, eleve_id, assigne_id)
VALUES (75, 'Problème de lecture de CD', 'Le CD n''est pas reconnu par le lecteur.', 1, CURRENT_TIMESTAMP, NULL, 75, 69);
INSERT INTO tickets (ticket_id, sujet, description, statut, date_ouverture, date_fermeture, eleve_id, assigne_id)
VALUES (76, 'Erreur lors de la fermeture d''application', 'L''application ne se ferme pas correctement.', 0, CURRENT_TIMESTAMP, NULL, 76, 70);
INSERT INTO tickets (ticket_id, sujet, description, statut, date_ouverture, date_fermeture, eleve_id, assigne_id)
VALUES (77, 'Défaillance du disque dur', 'Le disque dur fait des bruits anormaux.', 1, CURRENT_TIMESTAMP, NULL, 77, 71);
INSERT INTO tickets (ticket_id, sujet, description, statut, date_ouverture, date_fermeture, eleve_id, assigne_id)
VALUES (78, 'Problème de redémarrage', 'L''ordinateur ne redémarre pas correctement.', 0, CURRENT_TIMESTAMP, NULL, 78, 72);
INSERT INTO tickets (ticket_id, sujet, description, statut, date_ouverture, date_fermeture, eleve_id, assigne_id)
VALUES (79, 'Erreur dans la configuration du serveur', 'Erreur dans la configuration du serveur web.', 1, CURRENT_TIMESTAMP, NULL, 79, 73);
INSERT INTO tickets (ticket_id, sujet, description, statut, date_ouverture, date_fermeture, eleve_id, assigne_id)
VALUES (80, 'Problème de sécurité dans le logiciel', 'Le logiciel affiche des alertes de sécurité non résolues.', 0, CURRENT_TIMESTAMP, NULL, 80, 74);
INSERT INTO tickets (ticket_id, sujet, description, statut, date_ouverture, date_fermeture, eleve_id, assigne_id)
VALUES (81, 'Problème de mise à jour de sécurité', 'La mise à jour de sécurité échoue.', 1, CURRENT_TIMESTAMP, NULL, 81, 75);
INSERT INTO tickets (ticket_id, sujet, description, statut, date_ouverture, date_fermeture, eleve_id, assigne_id)
VALUES (82, 'Erreur d''affichage de page web', 'La page web ne s''affiche pas correctement.', 0, CURRENT_TIMESTAMP, NULL, 82, 76);
INSERT INTO tickets (ticket_id, sujet, description, statut, date_ouverture, date_fermeture, eleve_id, assigne_id)
VALUES (83, 'Problème de mise en veille', 'L''ordinateur ne se met pas en veille correctement.', 1, CURRENT_TIMESTAMP, NULL, 83, 77);
INSERT INTO tickets (ticket_id, sujet, description, statut, date_ouverture, date_fermeture, eleve_id, assigne_id)
VALUES (84, 'Problème d''accès à une application', 'Impossible d''accéder à l''application X.', 0, CURRENT_TIMESTAMP, NULL, 84, 78);
INSERT INTO tickets (ticket_id, sujet, description, statut, date_ouverture, date_fermeture, eleve_id, assigne_id)
VALUES (85, 'Erreur avec le périphérique audio', 'Le périphérique audio ne fonctionne pas.', 1, CURRENT_TIMESTAMP, NULL, 85, 79);
INSERT INTO tickets (ticket_id, sujet, description, statut, date_ouverture, date_fermeture, eleve_id, assigne_id)
VALUES (86, 'Problème avec l''imprimante réseau', 'L''imprimante réseau ne répond pas.', 0, CURRENT_TIMESTAMP, NULL, 86, 80);
INSERT INTO tickets (ticket_id, sujet, description, statut, date_ouverture, date_fermeture, eleve_id, assigne_id)
VALUES (87, 'Erreur de connexion VPN', 'Impossible de se connecter au réseau VPN.', 1, CURRENT_TIMESTAMP, NULL, 87, 81);
INSERT INTO tickets (ticket_id, sujet, description, statut, date_ouverture, date_fermeture, eleve_id, assigne_id)
VALUES (88, 'Problème de mise à jour de logiciel', 'La mise à jour du logiciel échoue à chaque tentative.', 0, CURRENT_TIMESTAMP, NULL, 88, 82);
INSERT INTO tickets (ticket_id, sujet, description, statut, date_ouverture, date_fermeture, eleve_id, assigne_id)
VALUES (89, 'Erreur de connexion réseau', 'Problème de connexion au réseau interne.', 1, CURRENT_TIMESTAMP, NULL, 89, 83);
INSERT INTO tickets (ticket_id, sujet, description, statut, date_ouverture, date_fermeture, eleve_id, assigne_id)
VALUES (90, 'Problème d''utilisation du logiciel', 'Le logiciel plante lors de l''ouverture.', 0, CURRENT_TIMESTAMP, NULL, 90, 84);


-- D. Insertion de données dans ordinateurs (30 enregistrements)
INSERT INTO ordinateurs (ordinateur_id, marque, modele, numero_serie, eleve_id)
VALUES (1, 'Dell', 'Inspiron', 'SN12345', 1);
INSERT INTO ordinateurs (ordinateur_id, marque, modele, numero_serie, eleve_id)
VALUES (2, 'HP', 'Pavilion', 'SN23456', 2);
INSERT INTO ordinateurs (ordinateur_id, marque, modele, numero_serie, eleve_id)
VALUES (3, 'Asus', 'VivoBook', 'SN34567', 3);
INSERT INTO ordinateurs (ordinateur_id, marque, modele, numero_serie, eleve_id)
VALUES (4, 'Acer', 'Aspire', 'SN45678', 4);
INSERT INTO ordinateurs (ordinateur_id, marque, modele, numero_serie, eleve_id)
VALUES (5, 'Lenovo', 'IdeaPad', 'SN56789', 5);
INSERT INTO ordinateurs (ordinateur_id, marque, modele, numero_serie, eleve_id)
VALUES (6, 'Apple', 'MacBook', 'SN67890', 6);
INSERT INTO ordinateurs (ordinateur_id, marque, modele, numero_serie, eleve_id)
VALUES (7, 'Samsung', 'Notebook', 'SN78901', 7);
INSERT INTO ordinateurs (ordinateur_id, marque, modele, numero_serie, eleve_id)
VALUES (8, 'Lenovo', 'ThinkPad', 'SN89012', 8);
INSERT INTO ordinateurs (ordinateur_id, marque, modele, numero_serie, eleve_id)
VALUES (9, 'Acer', 'Swift', 'SN90123', 9);
INSERT INTO ordinateurs (ordinateur_id, marque, modele, numero_serie, eleve_id)
VALUES (10, 'HP', 'EliteBook', 'SN01234', 10);
INSERT INTO ordinateurs (ordinateur_id, marque, modele, numero_serie, eleve_id)
VALUES (11, 'Dell', 'XPS', 'SN12346', 11);
INSERT INTO ordinateurs (ordinateur_id, marque, modele, numero_serie, eleve_id)
VALUES (12, 'Asus', 'ZenBook', 'SN23457', 12);
INSERT INTO ordinateurs (ordinateur_id, marque, modele, numero_serie, eleve_id)
VALUES (13, 'Acer', 'Nitro', 'SN34568', 13);
INSERT INTO ordinateurs (ordinateur_id, marque, modele, numero_serie, eleve_id)
VALUES (14, 'HP', 'ProBook', 'SN45679', 14);
INSERT INTO ordinateurs (ordinateur_id, marque, modele, numero_serie, eleve_id)
VALUES (15, 'Lenovo', 'Yoga', 'SN56780', 15);
INSERT INTO ordinateurs (ordinateur_id, marque, modele, numero_serie, eleve_id)
VALUES (16, 'Apple', 'MacBook Air', 'SN67891', 16);
INSERT INTO ordinateurs (ordinateur_id, marque, modele, numero_serie, eleve_id)
VALUES (17, 'Dell', 'Latitude', 'SN78902', 17);
INSERT INTO ordinateurs (ordinateur_id, marque, modele, numero_serie, eleve_id)
VALUES (18, 'Samsung', 'Chromebook', 'SN89013', 18);
INSERT INTO ordinateurs (ordinateur_id, marque, modele, numero_serie, eleve_id)
VALUES (19, 'Acer', 'Predator', 'SN90124', 19);
INSERT INTO ordinateurs (ordinateur_id, marque, modele, numero_serie, eleve_id)
VALUES (20, 'HP', 'ZBook', 'SN01235', 20);
INSERT INTO ordinateurs (ordinateur_id, marque, modele, numero_serie, eleve_id)
VALUES (21, 'Lenovo', 'Legion', 'SN12347', 21);
INSERT INTO ordinateurs (ordinateur_id, marque, modele, numero_serie, eleve_id)
VALUES (22, 'Dell', 'G5', 'SN23458', 22);
INSERT INTO ordinateurs (ordinateur_id, marque, modele, numero_serie, eleve_id)
VALUES (23, 'Asus', 'ROG', 'SN34569', 23);
INSERT INTO ordinateurs (ordinateur_id, marque, modele, numero_serie, eleve_id)
VALUES (24, 'Acer', 'ConceptD', 'SN45680', 24);
INSERT INTO ordinateurs (ordinateur_id, marque, modele, numero_serie, eleve_id)
VALUES (25, 'HP', 'Envy', 'SN56781', 25);
INSERT INTO ordinateurs (ordinateur_id, marque, modele, numero_serie, eleve_id)
VALUES (26, 'Lenovo', 'ThinkCentre', 'SN67892', 26);
INSERT INTO ordinateurs (ordinateur_id, marque, modele, numero_serie, eleve_id)
VALUES (27, 'Dell', 'OptiPlex', 'SN78903', 27);
INSERT INTO ordinateurs (ordinateur_id, marque, modele, numero_serie, eleve_id)
VALUES (28, 'Samsung', 'Galaxy Book', 'SN89014', 28);
INSERT INTO ordinateurs (ordinateur_id, marque, modele, numero_serie, eleve_id)
VALUES (29, 'Acer', 'Spin', 'SN90125', 29);
INSERT INTO ordinateurs (ordinateur_id, marque, modele, numero_serie, eleve_id)
VALUES (30, 'HP', 'Spectre', 'SN01236', 30);
INSERT INTO ordinateurs (ordinateur_id, marque, modele, numero_serie, eleve_id)
VALUES (31, 'Lenovo', 'ThinkPad X1', 'SN12348', 31);
INSERT INTO ordinateurs (ordinateur_id, marque, modele, numero_serie, eleve_id)
VALUES (32, 'Apple', 'MacBook Pro', 'SN23459', 32);
INSERT INTO ordinateurs (ordinateur_id, marque, modele, numero_serie, eleve_id)
VALUES (33, 'Dell', 'Inspiron 15', 'SN34570', 33);
INSERT INTO ordinateurs (ordinateur_id, marque, modele, numero_serie, eleve_id)
VALUES (34, 'HP', 'Pavilion x360', 'SN45681', 34);
INSERT INTO ordinateurs (ordinateur_id, marque, modele, numero_erie, eleve_id)
VALUES (35, 'Lenovo', 'ThinkPad T490', 'SN56782', 35);
INSERT INTO ordinateurs (ordinateur_id, marque, modele, numero_serie, eleve_id)
VALUES (36, 'Apple', 'MacBook Air M1', 'SN67893', 36);
INSERT INTO ordinateurs (ordinateur_id, marque, modele, numero_serie, eleve_id)
VALUES (37, 'Dell', 'XPS 13', 'SN78904', 37);
INSERT INTO ordinateurs (ordinateur_id, marque, modele, numero_serie, eleve_id)
VALUES (38, 'Asus', 'ZenBook Flip', 'SN89015', 38);
INSERT INTO ordinateurs (ordinateur_id, marque, modele, numero_serie, eleve_id)
VALUES (39, 'Acer', 'Aspire 7', 'SN90126', 39);
INSERT INTO ordinateurs (ordinateur_id, marque, modele, numero_serie, eleve_id)
VALUES (40, 'HP', 'Elite Dragonfly', 'SN01237', 40);
INSERT INTO ordinateurs (ordinateur_id, marque, modele, numero_serie, eleve_id)
VALUES (41, 'Lenovo', 'IdeaPad Flex 5', 'SN12349', 41);
INSERT INTO ordinateurs (ordinateur_id, marque, modele, numero_serie, eleve_id)
VALUES (42, 'Dell', 'Latitude 7410', 'SN23460', 42);
INSERT INTO ordinateurs (ordinateur_id, marque, modele, numero_serie, eleve_id)
VALUES (43, 'Apple', 'MacBook Pro M1', 'SN34571', 43);
INSERT INTO ordinateurs (ordinateur_id, marque, modele, numero_serie, eleve_id)
VALUES (44, 'Samsung', 'Notebook 9 Pro', 'SN45682', 44);
INSERT INTO ordinateurs (ordinateur_id, marque, modele, numero_serie, eleve_id)
VALUES (45, 'Acer', 'Predator Helios', 'SN56783', 45);
INSERT INTO ordinateurs (ordinateur_id, marque, modele, numero_serie, eleve_id)
VALUES (46, 'HP', 'Pavilion 14', 'SN67894', 46);
INSERT INTO ordinateurs (ordinateur_id, marque, modele, numero_serie, eleve_id)
VALUES (47, 'Lenovo', 'Yoga C940', 'SN78905', 47);
INSERT INTO ordinateurs (ordinateur_id, marque, modele, numero_serie, eleve_id)
VALUES (48, 'Dell', 'XPS 17', 'SN89016', 48);
INSERT INTO ordinateurs (ordinateur_id, marque, modele, numero_serie, eleve_id)
VALUES (49, 'Asus', 'TUF Gaming', 'SN90127', 49);
INSERT INTO ordinateurs (ordinateur_id, marque, modele, numero_serie, eleve_id)
VALUES (50, 'HP', 'Omen', 'SN01238', 50);
INSERT INTO ordinateurs (ordinateur_id, marque, modele, numero_serie, eleve_id)
VALUES (51, 'Lenovo', 'Legion Y740', 'SN12350', 51);
INSERT INTO ordinateurs (ordinateur_id, marque, modele, numero_serie, eleve_id)
VALUES (52, 'Apple', 'MacBook Air M2', 'SN23461', 52);
INSERT INTO ordinateurs (ordinateur_id, marque, modele, numero_serie, eleve_id)
VALUES (53, 'Dell', 'G7', 'SN34572', 53);
INSERT INTO ordinateurs (ordinateur_id, marque, modele, numero_serie, eleve_id)
VALUES (54, 'HP', 'Spectre x360', 'SN45683', 54);
INSERT INTO ordinateurs (ordinateur_id, marque, modele, numero_serie, eleve_id)
VALUES (55, 'Lenovo', 'ThinkPad L15', 'SN56784', 55);
INSERT INTO ordinateurs (ordinateur_id, marque, modele, numero_serie, eleve_id)
VALUES (56, 'Dell', 'Vostro', 'SN67895', 56);
INSERT INTO ordinateurs (ordinateur_id, marque, modele, numero_serie, eleve_id)
VALUES (57, 'Asus', 'ROG Strix', 'SN78906', 57);
INSERT INTO ordinateurs (ordinateur_id, marque, modele, numero_serie, eleve_id)
VALUES (58, 'Acer', 'Swift 3', 'SN89017', 58);
INSERT INTO ordinateurs (ordinateur_id, marque, modele, numero_serie, eleve_id)
VALUES (59, 'HP', 'Pavilion 15', 'SN90128', 59);
INSERT INTO ordinateurs (ordinateur_id, marque, modele, numero_serie, eleve_id)
VALUES (60, 'Lenovo', 'ThinkPad X1 Carbon', 'SN01239', 60);
INSERT INTO ordinateurs (ordinateur_id, marque, modele, numero_serie, eleve_id)
VALUES (61, 'Apple', 'iMac', 'SN12351', 61);
INSERT INTO ordinateurs (ordinateur_id, marque, modele, numero_serie, eleve_id)
VALUES (62, 'Dell', 'Inspiron 13', 'SN23462', 62);
INSERT INTO ordinateurs (ordinateur_id, marque, modele, numero_serie, eleve_id)
VALUES (63, 'Asus', 'ExpertBook', 'SN34573', 63);
INSERT INTO ordinateurs (ordinateur_id, marque, modele, numero_serie, eleve_id)
VALUES (64, 'Acer', 'Predator Triton', 'SN45684', 64);
INSERT INTO ordinateurs (ordinateur_id, marque, modele, numero_serie, eleve_id)
VALUES (65, 'HP', 'Elite Dragonfly G2', 'SN56785', 65);
INSERT INTO ordinateurs (ordinateur_id, marque, modele, numero_serie, eleve_id)
VALUES (66, 'Lenovo', 'ThinkPad P52', 'SN67896', 66);
INSERT INTO ordinateurs (ordinateur_id, marque, modele, numero_serie, eleve_id)
VALUES (67, 'Dell', 'Latitude 5500', 'SN78907', 67);
INSERT INTO ordinateurs (ordinateur_id, marque, modele, numero_serie, eleve_id)
VALUES (68, 'Samsung', 'Notebook 5', 'SN89018', 68);
INSERT INTO ordinateurs (ordinateur_id, marque, modele, numero_serie, eleve_id)
VALUES (69, 'Acer', 'Spin 5', 'SN90129', 69);
INSERT INTO ordinateurs (ordinateur_id, marque, modele, numero_serie, eleve_id)
VALUES (70, 'HP', 'EliteBook 840', 'SN01240', 70);
INSERT INTO ordinateurs (ordinateur_id, marque, modele, numero_serie, eleve_id)
VALUES (71, 'Lenovo', 'ThinkCentre M90', 'SN12352', 71);
INSERT INTO ordinateurs (ordinateur_id, marque, modele, numero_serie, eleve_id)
VALUES (72, 'Apple', 'Mac Mini', 'SN23463', 72);
INSERT INTO ordinateurs (ordinateur_id, marque, modele, numero_serie, eleve_id)
VALUES (73, 'Dell', 'Precision', 'SN34574', 73);
INSERT INTO ordinateurs (ordinateur_id, marque, modele, numero_serie, eleve_id)
VALUES (74, 'HP', 'Omen 15', 'SN45685', 74);
INSERT INTO ordinateurs (ordinateur_id, marque, modele, numero_serie, eleve_id)
VALUES (75, 'Lenovo', 'ThinkPad X1 Yoga', 'SN56786', 75);
INSERT INTO ordinateurs (ordinateur_id, marque, modele, numero_serie, eleve_id)
VALUES (76, 'Dell', 'Alienware', 'SN67897', 76);
INSERT INTO ordinateurs (ordinateur_id, marque, modele, numero_serie, eleve_id)
VALUES (77, 'Samsung', 'Galaxy Book Pro', 'SN78908', 77);
INSERT INTO ordinateurs (ordinateur_id, marque, modele, numero_serie, eleve_id)
VALUES (78, 'Acer', 'Swift 5', 'SN89019', 78);
INSERT INTO ordinateurs (ordinateur_id, marque, modele, numero_serie, eleve_id)
VALUES (79, 'HP', 'Pavilion 17', 'SN90130', 79);
INSERT INTO ordinateurs (ordinateur_id, marque, modele, numero_serie, eleve_id)
VALUES (80, 'Lenovo', 'Legion 5', 'SN01241', 80);
INSERT INTO ordinateurs (ordinateur_id, marque, modele, numero_serie, eleve_id)
VALUES (81, 'Apple', 'MacBook Air M2', 'SN12353', 81);
INSERT INTO ordinateurs (ordinateur_id, marque, modele, numero_serie, eleve_id)
VALUES (82, 'Dell', 'XPS 15', 'SN23464', 82);
INSERT INTO ordinateurs (ordinateur_id, marque, modele, numero_serie, eleve_id)
VALUES (83, 'Asus', 'ROG Zephyrus', 'SN34575', 83);
INSERT INTO ordinateurs (ordinateur_id, marque, modele, numero_serie, eleve_id)
VALUES (84, 'Acer', 'ConceptD 7', 'SN45686', 84);
INSERT INTO ordinateurs (ordinateur_id, marque, modele, numero_serie, eleve_id)
VALUES (85, 'HP', 'Spectre x360 15', 'SN56787', 85);
INSERT INTO ordinateurs (ordinateur_id, marque, modele, numero_serie, eleve_id)
VALUES (86, 'Lenovo', 'ThinkPad X1 Extreme', 'SN67898', 86);
INSERT INTO ordinateurs (ordinateur_id, marque, modele, numero_serie, eleve_id)
VALUES (87, 'Dell', 'Latitude 9510', 'SN78909', 87);
INSERT INTO ordinateurs (ordinateur_id, marque, modele, numero_serie, eleve_id)
VALUES (88, 'Samsung', 'Galaxy Book Flex', 'SN89020', 88);
INSERT INTO ordinateurs (ordinateur_id, marque, modele, numero_serie, eleve_id)
VALUES (89, 'Acer', 'Predator Triton 500', 'SN90131', 89);
INSERT INTO ordinateurs (ordinateur_id, marque, modele, numero_erie, eleve_id)
VALUES (90, 'HP', 'Elite Dragonfly G3', 'SN01242', 90);


-- E. Insertion de données dans equipements_reseau (30 enregistrements)
INSERT INTO equipements_reseau (equip_id, type_equipement, marque, modele, numero_serie, adresse_ip, eleve_id)
VALUES (1, 'Switch', 'Cisco', 'SG350', 'SN12345', '192.168.1.10', 1);
INSERT INTO equipements_reseau (equip_id, type_equipement, marque, modele, numero_serie, adresse_ip, eleve_id)
VALUES (2, 'Routeur', 'Netgear', 'Nighthawk', 'SN23456', '192.168.1.11', 2);
INSERT INTO equipements_reseau (equip_id, type_equipement, marque, modele, numero_serie, adresse_ip, eleve_id)
VALUES (3, 'Borne Wi-Fi', 'TP-Link', 'Archer', 'SN34567', '192.168.1.12', 3);
INSERT INTO equipements_reseau (equip_id, type_equipement, marque, modele, numero_serie, adresse_ip, eleve_id)
VALUES (4, 'Switch', 'HP', 'ProCurve', 'SN45678', '192.168.1.13', 4);
INSERT INTO equipements_reseau (equip_id, type_equipement, marque, modele, numero_serie, adresse_ip, eleve_id)
VALUES (5, 'Routeur', 'D-Link', 'DIR-880', 'SN56789', '192.168.1.14', 5);
INSERT INTO equipements_reseau (equip_id, type_equipement, marque, modele, numero_serie, adresse_ip, eleve_id)
VALUES (6, 'Borne Wi-Fi', 'Ubiquiti', 'UniFi', 'SN67890', '192.168.1.15', 6);
INSERT INTO equipements_reseau (equip_id, type_equipement, marque, modele, numero_serie, adresse_ip, eleve_id)
VALUES (7, 'Switch', 'Cisco', 'Catalyst', 'SN78902', '192.168.1.16', 7);
INSERT INTO equipements_reseau (equip_id, type_equipement, marque, modele, numero_serie, adresse_ip, eleve_id)
VALUES (8, 'Routeur', 'Netgear', 'Orbi', 'SN89023', '192.168.1.17', 8);
INSERT INTO equipements_reseau (equip_id, type_equipement, marque, modele, numero_serie, adresse_ip, eleve_id)
VALUES (9, 'Borne Wi-Fi', 'TP-Link', 'Deco', 'SN90134', '192.168.1.18', 9);
INSERT INTO equipements_reseau (equip_id, type_equipement, marque, modele, numero_serie, adresse_ip, eleve_id)
VALUES (10, 'Switch', 'HP', 'Aruba', 'SN01245', '192.168.1.19', 10);
INSERT INTO equipements_reseau (equip_id, type_equipement, marque, modele, numero_serie, adresse_ip, eleve_id)
VALUES (11, 'Routeur', 'D-Link', 'EXO', 'SN12356', '192.168.1.20', 11);
INSERT INTO equipements_reseau (equip_id, type_equipement, marque, modele, numero_serie, adresse_ip, eleve_id)
VALUES (12, 'Borne Wi-Fi', 'Ubiquiti', 'AirMax', 'SN23467', '192.168.1.21', 12);
INSERT INTO equipements_reseau (equip_id, type_equipement, marque, modele, numero_serie, adresse_ip, eleve_id)
VALUES (13, 'Switch', 'Cisco', 'SG500', 'SN34578', '192.168.1.22', 13);
INSERT INTO equipements_reseau (equip_id, type_equipement, marque, modele, numero_serie, adresse_ip, eleve_id)
VALUES (14, 'Routeur', 'Netgear', 'Nighthawk X6', 'SN45689', '192.168.1.23', 14);
INSERT INTO equipements_reseau (equip_id, type_equipement, marque, modele, numero_serie, adresse_ip, eleve_id)
VALUES (15, 'Borne Wi-Fi', 'TP-Link', 'EAP245', 'SN56790', '192.168.1.24', 15);
INSERT INTO equipements_reseau (equip_id, type_equipement, marque, modele, numero_serie, adresse_ip, eleve_id)
VALUES (16, 'Switch', 'HP', 'ProCurve 2920', 'SN67891', '192.168.1.25', 16);
INSERT INTO equipements_reseau (equip_id, type_equipement, marque, modele, numero_serie, adresse_ip, eleve_id)
VALUES (17, 'Routeur', 'D-Link', 'DIR-100', 'SN78903', '192.168.1.26', 17);
INSERT INTO equipements_reseau (equip_id, type_equipement, marque, modele, numero_serie, adresse_ip, eleve_id)
VALUES (18, 'Borne Wi-Fi', 'Ubiquiti', 'UniFi AP', 'SN89014', '192.168.1.27', 18);
INSERT INTO equipements_reseau (equip_id, type_equipement, marque, modele, numero_serie, adresse_ip, eleve_id)
VALUES (19, 'Switch', 'Cisco', 'SG300', 'SN90135', '192.168.1.28', 19);
INSERT INTO equipements_reseau (equip_id, type_equipement, marque, modele, numero_serie, adresse_ip, eleve_id)
VALUES (20, 'Routeur', 'Netgear', 'Orbi Pro', 'SN01246', '192.168.1.29', 20);
INSERT INTO equipements_reseau (equip_id, type_equipement, marque, modele, numero_serie, adresse_ip, eleve_id)
VALUES (21, 'Borne Wi-Fi', 'TP-Link', 'Omada', 'SN12367', '192.168.1.30', 21);
INSERT INTO equipements_reseau (equip_id, type_equipement, marque, modele, numero_serie, adresse_ip, eleve_id)
VALUES (22, 'Switch', 'HP', 'Aruba 2930F', 'SN23478', '192.168.1.31', 22);
INSERT INTO equipements_reseau (equip_id, type_equipement, marque, modele, numero_serie, adresse_ip, eleve_id)
VALUES (23, 'Routeur', 'D-Link', 'DIR-860L', 'SN34589', '192.168.1.32', 23);
INSERT INTO equipements_reseau (equip_id, type_equipement, marque, modele, numero_serie, adresse_ip, eleve_id)
VALUES (24, 'Borne Wi-Fi', 'Ubiquiti', 'NanoStation', 'SN45690', '192.168.1.33', 24);
INSERT INTO equipements_reseau (equip_id, type_equipement, marque, modele, numero_serie, adresse_ip, eleve_id)
VALUES (25, 'Switch', 'Cisco', 'SG350X', 'SN56791', '192.168.1.34', 25);
INSERT INTO equipements_reseau (equip_id, type_equipement, marque, modele, numero_serie, adresse_ip, eleve_id)
VALUES (26, 'Routeur', 'Netgear', 'XR500', 'SN67892', '192.168.1.35', 26);
INSERT INTO equipements_reseau (equip_id, type_equipement, marque, modele, numero_serie, adresse_ip, eleve_id)
VALUES (27, 'Borne Wi-Fi', 'TP-Link', 'Deco M9', 'SN78904', '192.168.1.36', 27);
INSERT INTO equipements_reseau (equip_id, type_equipement, marque, modele, numero_serie, adresse_ip, eleve_id)
VALUES (28, 'Switch', 'HP', 'ProCurve 3500', 'SN89015', '192.168.1.37', 28);
INSERT INTO equipements_reseau (equip_id, type_equipement, marque, modele, numero_serie, adresse_ip, eleve_id)
VALUES (29, 'Routeur', 'D-Link', 'DIR-615', 'SN90136', '192.168.1.38', 29);
INSERT INTO equipements_reseau (equip_id, type_equipement, marque, modele, numero_serie, adresse_ip, eleve_id)
VALUES (30, 'Borne Wi-Fi', 'Ubiquiti', 'UniFi AC', 'SN01247', '192.168.1.39', 30);
INSERT INTO equipements_reseau (equip_id, type_equipement, marque, modele, numero_serie, adresse_ip, eleve_id)
VALUES (31, 'Switch', 'Cisco', 'Catalyst 2960', 'SN12368', '192.168.1.40', 31);
INSERT INTO equipements_reseau (equip_id, type_equipement, marque, modele, numero_serie, adresse_ip, eleve_id)
VALUES (32, 'Routeur', 'Netgear', 'Nighthawk R7000', 'SN23479', '192.168.1.41', 32);
INSERT INTO equipements_reseau (equip_id, type_equipement, marque, modele, numero_serie, adresse_ip, eleve_id)
VALUES (33, 'Borne Wi-Fi', 'TP-Link', 'Archer C7', 'SN34590', '192.168.1.42', 33);
INSERT INTO equipements_reseau (equip_id, type_equipement, marque, modele, numero_serie, adresse_ip, eleve_id)
VALUES (34, 'Switch', 'HP', 'FlexNetwork', 'SN45691', '192.168.1.43', 34);
INSERT INTO equipements_reseau (equip_id, type_equipement, marque, modele, numero_serie, adresse_ip, eleve_id)
VALUES (35, 'Routeur', 'D-Link', 'DIR-825', 'SN56792', '192.168.1.44', 35);
INSERT INTO equipements_reseau (equip_id, type_equipement, marque, modele, numero_serie, adresse_ip, eleve_id)
VALUES (36, 'Borne Wi-Fi', 'Ubiquiti', 'UniFi HD', 'SN67899', '192.168.1.45', 36);
INSERT INTO equipements_reseau (equip_id, type_equipement, marque, modele, numero_serie, adresse_ip, eleve_id)
VALUES (37, 'Switch', 'Cisco', 'SG550X', 'SN78905', '192.168.1.46', 37);
INSERT INTO equipements_reseau (equip_id, type_equipement, marque, modele, numero_serie, adresse_ip, eleve_id)
VALUES (38, 'Routeur', 'Netgear', 'Orbi RBK50', 'SN89016', '192.168.1.47', 38);
INSERT INTO equipements_reseau (equip_id, type_equipement, marque, modele, numero_serie, adresse_ip, eleve_id)
VALUES (39, 'Borne Wi-Fi', 'TP-Link', 'Omada EAP225', 'SN90137', '192.168.1.48', 39);
INSERT INTO equipements_reseau (equip_id, type_equipement, marque, modele, numero_serie, adresse_ip, eleve_id)
VALUES (40, 'Switch', 'HP', 'Aruba 2530', 'SN01248', '192.168.1.49', 40);
INSERT INTO equipements_reseau (equip_id, type_equipement, marque, modele, numero_serie, adresse_ip, eleve_id)
VALUES (41, 'Routeur', 'D-Link', 'DIR-890L', 'SN12369', '192.168.1.50', 41);
INSERT INTO equipements_reseau (equip_id, type_equipement, marque, modele, numero_serie, adresse_ip, eleve_id)
VALUES (42, 'Borne Wi-Fi', 'Ubiquiti', 'UniFi UAP-AC', 'SN23480', '192.168.1.51', 42);
INSERT INTO equipements_reseau (equip_id, type_equipement, marque, modele, numero_serie, adresse_ip, eleve_id)
VALUES (43, 'Switch', 'Cisco', 'Catalyst 3650', 'SN34591', '192.168.1.52', 43);
INSERT INTO equipements_reseau (equip_id, type_equipement, marque, modele, numero_serie, adresse_ip, eleve_id)
VALUES (44, 'Routeur', 'Netgear', 'R7800', 'SN45692', '192.168.1.53', 44);
INSERT INTO equipements_reseau (equip_id, type_equipement, marque, modele, numero_serie, adresse_ip, eleve_id)
VALUES (45, 'Borne Wi-Fi', 'TP-Link', 'EAP225-Outdoor', 'SN56793', '192.168.1.54', 45);
INSERT INTO equipements_reseau (equip_id, type_equipement, marque, modele, numero_serie, adresse_ip, eleve_id)
VALUES (46, 'Switch', 'HP', 'ProCurve 5400', 'SN67800', '192.168.1.55', 46);
INSERT INTO equipements_reseau (equip_id, type_equipement, marque, modele, numero_serie, adresse_ip, eleve_id)
VALUES (47, 'Routeur', 'D-Link', 'DIR-867', 'SN78906', '192.168.1.56', 47);
INSERT INTO equipements_reseau (equip_id, type_equipement, marque, modele, numero_serie, adresse_ip, eleve_id)
VALUES (48, 'Borne Wi-Fi', 'Ubiquiti', 'UniFi AP-AC', 'SN89017', '192.168.1.57', 48);
INSERT INTO equipements_reseau (equip_id, type_equipement, marque, modele, numero_serie, adresse_ip, eleve_id)
VALUES (49, 'Switch', 'Cisco', 'SG200', 'SN90138', '192.168.1.58', 49);
INSERT INTO equipements_reseau (equip_id, type_equipement, marque, modele, numero_serie, adresse_ip, eleve_id)
VALUES (50, 'Routeur', 'Netgear', 'AC1750', 'SN01249', '192.168.1.59', 50);
INSERT INTO equipements_reseau (equip_id, type_equipement, marque, modele, numero_serie, adresse_ip, eleve_id)
VALUES (51, 'Borne Wi-Fi', 'TP-Link', 'Omada EAP245', 'SN12370', '192.168.1.60', 51);
INSERT INTO equipements_reseau (equip_id, type_equipement, marque, modele, numero_serie, adresse_ip, eleve_id)
VALUES (52, 'Switch', 'HP', 'Aruba 2530F', 'SN23481', '192.168.1.61', 52);
INSERT INTO equipements_reseau (equip_id, type_equipement, marque, modele, numero_serie, adresse_ip, eleve_id)
VALUES (53, 'Routeur', 'D-Link', 'DIR-820L', 'SN34592', '192.168.1.62', 53);
INSERT INTO equipements_reseau (equip_id, type_equipement, marque, modele, numero_serie, adresse_ip, eleve_id)
VALUES (54, 'Borne Wi-Fi', 'Ubiquiti', 'NanoBeam', 'SN45693', '192.168.1.63', 54);
INSERT INTO equipements_reseau (equip_id, type_equipement, marque, modele, numero_serie, adresse_ip, eleve_id)
VALUES (55, 'Switch', 'Cisco', 'SG110D', 'SN56794', '192.168.1.64', 55);
INSERT INTO equipements_reseau (equip_id, type_equipement, marque, modele, numero_serie, adresse_ip, eleve_id)
VALUES (56, 'Routeur', 'Netgear', 'Orbi 4K', 'SN67801', '192.168.1.65', 56);
INSERT INTO equipements_reseau (equip_id, type_equipement, marque, modele, numero_serie, adresse_ip, eleve_id)
VALUES (57, 'Borne Wi-Fi', 'TP-Link', 'Deco X60', 'SN78907', '192.168.1.66', 57);
INSERT INTO equipements_reseau (equip_id, type_equipement, marque, modele, numero_serie, adresse_ip, eleve_id)
VALUES (58, 'Switch', 'HP', 'Aruba 5400R', 'SN89018', '192.168.1.67', 58);
INSERT INTO equipements_reseau (equip_id, type_equipement, marque, modele, numero_serie, adresse_ip, eleve_id)
VALUES (59, 'Routeur', 'D-Link', 'DIR-882', 'SN90139', '192.168.1.68', 59);
INSERT INTO equipements_reseau (equip_id, type_equipement, marque, modele, numero_serie, adresse_ip, eleve_id)
VALUES (60, 'Borne Wi-Fi', 'Ubiquiti', 'UniFi AP-AC LR', 'SN01250', '192.168.1.69', 60);
INSERT INTO equipements_reseau (equip_id, type_equipement, marque, modele, numero_serie, adresse_ip, eleve_id)
VALUES (61, 'Switch', 'Cisco', 'Catalyst 9300', 'SN12371', '192.168.1.70', 61);
INSERT INTO equipements_reseau (equip_id, type_equipement, marque, modele, numero_serie, adresse_ip, eleve_id)
VALUES (62, 'Routeur', 'Netgear', 'Nighthawk X10', 'SN23482', '192.168.1.71', 62);
INSERT INTO equipements_reseau (equip_id, type_equipement, marque, modele, numero_serie, adresse_ip, eleve_id)
VALUES (63, 'Borne Wi-Fi', 'TP-Link', 'Archer C1200', 'SN34593', '192.168.1.72', 63);
INSERT INTO equipements_reseau (equip_id, type_equipement, marque, modele, numero_serie, adresse_ip, eleve_id)
VALUES (64, 'Switch', 'HP', 'FlexNetwork 5500', 'SN45694', '192.168.1.73', 64);
INSERT INTO equipements_reseau (equip_id, type_equipement, marque, modele, numero_serie, adresse_ip, eleve_id)
VALUES (65, 'Routeur', 'D-Link', 'DIR-850L', 'SN56795', '192.168.1.74', 65);
INSERT INTO equipements_reseau (equip_id, type_equipement, marque, modele, numero_serie, adresse_ip, eleve_id)
VALUES (66, 'Borne Wi-Fi', 'Ubiquiti', 'UniFi UAP-AC Pro', 'SN67802', '192.168.1.75', 66);
INSERT INTO equipements_reseau (equip_id, type_equipement, marque, modele, numero_serie, adresse_ip, eleve_id)
VALUES (67, 'Switch', 'Cisco', 'SG250', 'SN78908', '192.168.1.76', 67);
INSERT INTO equipements_reseau (equip_id, type_equipement, marque, modele, numero_serie, adresse_ip, eleve_id)
VALUES (68, 'Routeur', 'Netgear', 'Nighthawk XR700', 'SN89019', '192.168.1.77', 68);
INSERT INTO equipements_reseau (equip_id, type_equipement, marque, modele, numero_serie, adresse_ip, eleve_id)
VALUES (69, 'Borne Wi-Fi', 'TP-Link', 'EAP225', 'SN90140', '192.168.1.78', 69);
INSERT INTO equipements_reseau (equip_id, type_equipement, marque, modele, numero_serie, adresse_ip, eleve_id)
VALUES (70, 'Switch', 'HP', 'Aruba 3810M', 'SN01251', '192.168.1.79', 70);
INSERT INTO equipements_reseau (equip_id, type_equipement, marque, modele, numero_serie, adresse_ip, eleve_id)
VALUES (71, 'Routeur', 'D-Link', 'DIR-650L', 'SN12372', '192.168.1.80', 71);
INSERT INTO equipements_reseau (equip_id, type_equipement, marque, modele, numero_serie, adresse_ip, eleve_id)
VALUES (72, 'Borne Wi-Fi', 'Ubiquiti', 'UniFi AP AC', 'SN23483', '192.168.1.81', 72);
INSERT INTO equipements_reseau (equip_id, type_equipement, marque, modele, numero_serie, adresse_ip, eleve_id)
VALUES (73, 'Switch', 'Cisco', 'SG300X', 'SN34594', '192.168.1.82', 73);
INSERT INTO equipements_reseau (equip_id, type_equipement, marque, modele, numero_serie, adresse_ip, eleve_id)
VALUES (74, 'Routeur', 'Netgear', 'R9000', 'SN45695', '192.168.1.83', 74);
INSERT INTO equipements_reseau (equip_id, type_equipement, marque, modele, numero_serie, adresse_ip, eleve_id)
VALUES (75, 'Borne Wi-Fi', 'TP-Link', 'Deco P9', 'SN56796', '192.168.1.84', 75);
INSERT INTO equipements_reseau (equip_id, type_equipement, marque, modele, numero_serie, adresse_ip, eleve_id)
VALUES (76, 'Switch', 'HP', 'Aruba 2530 24G', 'SN67803', '192.168.1.85', 76);
INSERT INTO equipements_reseau (equip_id, type_equipement, marque, modele, numero_serie, adresse_ip, eleve_id)
VALUES (77, 'Routeur', 'D-Link', 'DIR-890', 'SN78909', '192.168.1.86', 77);
INSERT INTO equipements_reseau (equip_id, type_equipement, marque, modele, numero_serie, adresse_ip, eleve_id)
VALUES (78, 'Borne Wi-Fi', 'Ubiquiti', 'NanoBeam M5', 'SN89020', '192.168.1.87', 78);
INSERT INTO equipements_reseau (equip_id, type_equipement, marque, modele, numero_serie, adresse_ip, eleve_id)
VALUES (79, 'Switch', 'Cisco', 'SG350P', 'SN90141', '192.168.1.88', 79);
INSERT INTO equipements_reseau (equip_id, type_equipement, marque, modele, numero_serie, adresse_ip, eleve_id)
VALUES (80, 'Routeur', 'Netgear', 'Orbi RBK50', 'SN01252', '192.168.1.89', 80);
INSERT INTO equipements_reseau (equip_id, type_equipement, marque, modele, numero_serie, adresse_ip, eleve_id)
VALUES (81, 'Borne Wi-Fi', 'TP-Link', 'EAP225-Outdoor', 'SN12373', '192.168.1.90', 81);
INSERT INTO equipements_reseau (equip_id, type_equipement, marque, modele, numero_serie, adresse_ip, eleve_id)
VALUES (82, 'Switch', 'HP', 'Aruba 5400R', 'SN23484', '192.168.1.91', 82);
INSERT INTO equipements_reseau (equip_id, type_equipement, marque, modele, numero_serie, adresse_ip, eleve_id)
VALUES (83, 'Routeur', 'D-Link', 'DIR-600', 'SN34595', '192.168.1.92', 83);
INSERT INTO equipements_reseau (equip_id, type_equipement, marque, modele, numero_serie, adresse_ip, eleve_id)
VALUES (84, 'Borne Wi-Fi', 'Ubiquiti', 'UniFi UAP-AC-M', 'SN45696', '192.168.1.93', 84);
INSERT INTO equipements_reseau (equip_id, type_equipement, marque, modele, numero_serie, adresse_ip, eleve_id)
VALUES (85, 'Switch', 'Cisco', 'SG200-08', 'SN56797', '192.168.1.94', 85);
INSERT INTO equipements_reseau (equip_id, type_equipement, marque, modele, numero_serie, adresse_ip, eleve_id)
VALUES (86, 'Routeur', 'Netgear', 'AC1200', 'SN67804', '192.168.1.95', 86);
INSERT INTO equipements_reseau (equip_id, type_equipement, marque, modele, numero_serie, adresse_ip, eleve_id)
VALUES (87, 'Borne Wi-Fi', 'TP-Link', 'EAP245', 'SN78910', '192.168.1.96', 87);
INSERT INTO equipements_reseau (equip_id, type_equipement, marque, modele, numero_serie, adresse_ip, eleve_id)
VALUES (88, 'Switch', 'HP', 'ProCurve 2920-24G', 'SN89021', '192.168.1.97', 88);
INSERT INTO equipements_reseau (equip_id, type_equipement, marque, modele, numero_serie, adresse_ip, eleve_id)
VALUES (89, 'Routeur', 'D-Link', 'DIR-855L', 'SN90142', '192.168.1.98', 89);
INSERT INTO equipements_reseau (equip_id, type_equipement, marque, modele, numero_serie, adresse_ip, eleve_id)
VALUES (90, 'Borne Wi-Fi', 'Ubiquiti', 'UniFi UAP-AC-Mesh', 'SN01253', '192.168.1.99', 90);


-- F. Insertion de données dans logiciels (30 enregistrements)
INSERT INTO logiciels (logiciel_id, nom, version, eleve_id)
VALUES (1, 'Microsoft Office', '2019', 1);
INSERT INTO logiciels (logiciel_id, nom, version, eleve_id)
VALUES (2, 'Adobe Photoshop', '2020', 2);
INSERT INTO logiciels (logiciel_id, nom, version, eleve_id)
VALUES (3, 'AutoCAD', '2021', 3);
INSERT INTO logiciels (logiciel_id, nom, version, eleve_id)
VALUES (4, 'Visual Studio', '2019', 4);
INSERT INTO logiciels (logiciel_id, nom, version, eleve_id)
VALUES (5, 'Eclipse', '2020', 5);
INSERT INTO logiciels (logiciel_id, nom, version, eleve_id)
VALUES (6, 'IntelliJ IDEA', '2021', 6);
INSERT INTO logiciels (logiciel_id, nom, version, eleve_id)
VALUES (7, 'LibreOffice', '7.0', 7);
INSERT INTO logiciels (logiciel_id, nom, version, eleve_id)
VALUES (8, 'Firefox', '90.0', 8);
INSERT INTO logiciels (logiciel_id, nom, version, eleve_id)
VALUES (9, 'Chrome', '91.0', 9);
INSERT INTO logiciels (logiciel_id, nom, version, eleve_id)
VALUES (10, 'Notepad++', '7.9', 10);
INSERT INTO logiciels (logiciel_id, nom, version, eleve_id)
VALUES (11, 'Sublime Text', '3.2', 11);
INSERT INTO logiciels (logiciel_id, nom, version, eleve_id)
VALUES (12, 'Atom', '1.58', 12);
INSERT INTO logiciels (logiciel_id, nom, version, eleve_id)
VALUES (13, 'VLC Media Player', '3.0', 13);
INSERT INTO logiciels (logiciel_id, nom, version, eleve_id)
VALUES (14, 'WinRAR', '5.91', 14);
INSERT INTO logiciels (logiciel_id, nom, version, eleve_id)
VALUES (15, '7-Zip', '19.00', 15);
INSERT INTO logiciels (logiciel_id, nom, version, eleve_id)
VALUES (16, 'GIMP', '2.10', 16);
INSERT INTO logiciels (logiciel_id, nom, version, eleve_id)
VALUES (17, 'Inkscape', '1.0', 17);
INSERT INTO logiciels (logiciel_id, nom, version, eleve_id)
VALUES (18, 'Audacity', '2.4', 18);
INSERT INTO logiciels (logiciel_id, nom, version, eleve_id)
VALUES (19, 'MATLAB', 'R2021a', 19);
INSERT INTO logiciels (logiciel_id, nom, version, eleve_id)
VALUES (20, 'RStudio', '1.4', 20);
INSERT INTO logiciels (logiciel_id, nom, version, eleve_id)
VALUES (21, 'SPSS', '27', 21);
INSERT INTO logiciels (logiciel_id, nom, version, eleve_id)
VALUES (22, 'SAS', '9.4', 22);
INSERT INTO logiciels (logiciel_id, nom, version, eleve_id)
VALUES (23, 'SketchUp', '2021', 23);
INSERT INTO logiciels (logiciel_id, nom, version, eleve_id)
VALUES (24, 'CorelDRAW', '2020', 24);
INSERT INTO logiciels (logiciel_id, nom, version, eleve_id)
VALUES (25, 'ZBrush', '2021', 25);
INSERT INTO logiciels (logiciel_id, nom, version, eleve_id)
VALUES (26, 'Maya', '2020', 26);
INSERT INTO logiciels (logiciel_id, nom, version, eleve_id)
VALUES (27, '3ds Max', '2021', 27);
INSERT INTO logiciels (logiciel_id, nom, version, eleve_id)
VALUES (28, 'After Effects', '2020', 28);
INSERT INTO logiciels (logiciel_id, nom, version, eleve_id)
VALUES (29, 'Premiere Pro', '2021', 29);
INSERT INTO logiciels (logiciel_id, nom, version, eleve_id)
VALUES (30, 'Lightroom', '2020', 30);
INSERT INTO logiciels (logiciel_id, nom, version, eleve_id)
VALUES (31, 'Blender', '2.91', 31);
INSERT INTO logiciels (logiciel_id, nom, version, eleve_id)
VALUES (32, 'GIMP', '2.10.24', 32);
INSERT INTO logiciels (logiciel_id, nom, version, eleve_id)
VALUES (33, 'Visual Studio Code', '1.58', 33);
INSERT INTO logiciels (logiciel_id, nom, version, eleve_id)
VALUES (34, 'Xcode', '12.5', 34);
INSERT INTO logiciels (logiciel_id, nom, version, eleve_id)
VALUES (35, 'NetBeans', '12.3', 35);
INSERT INTO logiciels (logiciel_id, nom, version, eleve_id)
VALUES (36, 'Sublime Text 4', '4.0', 36);
INSERT INTO logiciels (logiciel_id, nom, version, eleve_id)
VALUES (37, 'Docker', '20.10.6', 37);
INSERT INTO logiciels (logiciel_id, nom, version, eleve_id)
VALUES (38, 'Postman', '8.12', 38);
INSERT INTO logiciels (logiciel_id, nom, version, eleve_id)
VALUES (39, 'Figma', '4.2', 39);
INSERT INTO logiciels (logiciel_id, nom, version, eleve_id)
VALUES (40, 'Slack', '4.17', 40);
INSERT INTO logiciels (logiciel_id, nom, version, eleve_id)
VALUES (41, 'GitHub Desktop', '2.9', 41);
INSERT INTO logiciels (logiciel_id, nom, version, eleve_id)
VALUES (42, 'FileZilla', '3.54.1', 42);
INSERT INTO logiciels (logiciel_id, nom, version, eleve_id)
VALUES (43, 'VirtualBox', '6.1.22', 43);
INSERT INTO logiciels (logiciel_id, nom, version, eleve_id)
VALUES (44, 'Vagrant', '2.2.14', 44);
INSERT INTO logiciels (logiciel_id, nom, version, eleve_id)
VALUES (45, 'Unity', '2021.1', 45);
INSERT INTO logiciels (logiciel_id, nom, version, eleve_id)
VALUES (46, 'Unreal Engine', '4.27', 46);
INSERT INTO logiciels (logiciel_id, nom, version, eleve_id)
VALUES (47, 'Figma', '4.0', 47);
INSERT INTO logiciels (logiciel_id, nom, version, eleve_id)
VALUES (48, 'Krita', '4.4', 48);
INSERT INTO logiciels (logiciel_id, nom, version, eleve_id)
VALUES (49, 'Minitab', '19.2', 49);
INSERT INTO logiciels (logiciel_id, nom, version, eleve_id)
VALUES (50, 'Jupyter', '6.2', 50);
INSERT INTO logiciels (logiciel_id, nom, version, eleve_id)
VALUES (51, 'Anaconda', '2021.05', 51);
INSERT INTO logiciels (logiciel_id, nom, version, eleve_id)
VALUES (52, 'Spyder', '5.0.1', 52);
INSERT INTO logiciels (logiciel_id, nom, version, eleve_id)
VALUES (53, 'Notepad++', '8.1', 53);
INSERT INTO logiciels (logiciel_id, nom, version, eleve_id)
VALUES (54, 'VLC Media Player', '3.0.12', 54);
INSERT INTO logiciels (logiciel_id, nom, version, eleve_id)
VALUES (55, 'OBS Studio', '27.0.1', 55);
INSERT INTO logiciels (logiciel_id, nom, version, eleve_id)
VALUES (56, 'Jupyter Notebook', '6.3.0', 56);
INSERT INTO logiciels (logiciel_id, nom, version, eleve_id)
VALUES (57, 'Atom', '1.59', 57);
INSERT INTO logiciels (logiciel_id, nom, version, eleve_id)
VALUES (58, 'Visual Studio 2022', '16.11', 58);
INSERT INTO logiciels (logiciel_id, nom, version, eleve_id)
VALUES (59, 'PyCharm', '2021.2', 59);
INSERT INTO logiciels (logiciel_id, nom, version, eleve_id)
VALUES (60, 'Sublime Text', '4.0 Build 4111', 60);
INSERT INTO logiciels (logiciel_id, nom, version, eleve_id)
VALUES (61, 'Git', '2.31', 61);
INSERT INTO logiciels (logiciel_id, nom, version, eleve_id)
VALUES (62, 'GitKraken', '7.6', 62);
INSERT INTO logiciels (logiciel_id, nom, version, eleve_id)
VALUES (63, 'Slack', '4.12', 63);
INSERT INTO logiciels (logiciel_id, nom, version, eleve_id)
VALUES (64, 'Microsoft Teams', '1.4', 64);
INSERT INTO logiciels (logiciel_id, nom, version, eleve_id)
VALUES (65, 'Zoom', '5.6.1', 65);
INSERT INTO logiciels (logiciel_id, nom, version, eleve_id)
VALUES (66, 'Google Drive', '52.0.6', 66);
INSERT INTO logiciels (logiciel_id, nom, version, eleve_id)
VALUES (67, 'Microsoft OneDrive', '21.113', 67);
INSERT INTO logiciels (logiciel_id, nom, version, eleve_id)
VALUES (68, 'Dropbox', '116.4.497', 68);
INSERT INTO logiciels (logiciel_id, nom, version, eleve_id)
VALUES (69, 'Telegram', '2.8', 69);
INSERT INTO logiciels (logiciel_id, nom, version, eleve_id)
VALUES (70, 'Signal', '5.11', 70);
INSERT INTO logiciels (logiciel_id, nom, version, eleve_id)
VALUES (71, 'WhatsApp', '2.21.20', 71);
INSERT INTO logiciels (logiciel_id, nom, version, eleve_id)
VALUES (72, 'Trello', '2021.6', 72);
INSERT INTO logiciels (logiciel_id, nom, version, eleve_id)
VALUES (73, 'Asana', '2.4', 73);
INSERT INTO logiciels (logiciel_id, nom, version, eleve_id)
VALUES (74, 'Airtable', '1.7', 74);
INSERT INTO logiciels (logiciel_id, nom, version, eleve_id)
VALUES (75, 'Monday.com', '2021.4', 75);
INSERT INTO logiciels (logiciel_id, nom, version, eleve_id)
VALUES (76, 'ClickUp', '3.0', 76);
INSERT INTO logiciels (logiciel_id, nom, version, eleve_id)
VALUES (77, 'Slack', '4.15', 77);
INSERT INTO logiciels (logiciel_id, nom, version, eleve_id)
VALUES (78, 'Google Meet', '2021.8', 78);
INSERT INTO logiciels (logiciel_id, nom, version, eleve_id)
VALUES (79, 'Microsoft Word', '2021', 79);
INSERT INTO logiciels (logiciel_id, nom, version, eleve_id)
VALUES (80, 'Microsoft Excel', '2021', 80);
INSERT INTO logiciels (logiciel_id, nom, version, eleve_id)
VALUES (81, 'Microsoft PowerPoint', '2021', 81);
INSERT INTO logiciels (logiciel_id, nom, version, eleve_id)
VALUES (82, 'Microsoft Outlook', '2021', 82);
INSERT INTO logiciels (logiciel_id, nom, version, eleve_id)
VALUES (83, 'Adobe Illustrator', '2021', 83);
INSERT INTO logiciels (logiciel_id, nom, version, eleve_id)
VALUES (84, 'Adobe InDesign', '2021', 84);
INSERT INTO logiciels (logiciel_id, nom, version, eleve_id)
VALUES (85, 'Final Cut Pro', '10.5', 85);
INSERT INTO logiciels (logiciel_id, nom, version, eleve_id)
VALUES (86, 'GarageBand', '10.4', 86);
INSERT INTO logiciels (logiciel_id, nom, version, eleve_id)
VALUES (87, 'Logic Pro X', '10.6', 87);
INSERT INTO logiciels (logiciel_id, nom, version, eleve_id)
VALUES (88, 'Xcode', '12.5', 88);
INSERT INTO logiciels (logiciel_id, nom, version, eleve_id)
VALUES (89, 'Atom', '1.60', 89);
INSERT INTO logiciels (logiciel_id, nom, version, eleve_id)
VALUES (90, 'Visual Studio 2017', '15.9', 90);


-- G. Insertion de données dans licences (30 enregistrements)
INSERT INTO licences (licence_id, cle_licence, date_expiration, logiciel_id, eleve_id)
VALUES (1, 'LIC-ABC-123', TO_DATE('2025-12-31','YYYY-MM-DD'), 1, 1);
INSERT INTO licences (licence_id, cle_licence, date_expiration, logiciel_id, eleve_id)
VALUES (2, 'LIC-DEF-456', TO_DATE('2024-06-30','YYYY-MM-DD'), 2, 2);
INSERT INTO licences (licence_id, cle_licence, date_expiration, logiciel_id, eleve_id)
VALUES (3, 'LIC-GHI-789', TO_DATE('2023-11-15','YYYY-MM-DD'), 3, 3);
INSERT INTO licences (licence_id, cle_licence, date_expiration, logiciel_id, eleve_id)
VALUES (4, 'LIC-JKL-012', TO_DATE('2025-05-20','YYYY-MM-DD'), 4, 4);
INSERT INTO licences (licence_id, cle_licence, date_expiration, logiciel_id, eleve_id)
VALUES (5, 'LIC-MNO-345', TO_DATE('2024-09-10','YYYY-MM-DD'), 5, 5);
INSERT INTO licences (licence_id, cle_licence, date_expiration, logiciel_id, eleve_id)
VALUES (6, 'LIC-PQR-678', TO_DATE('2023-07-01','YYYY-MM-DD'), 6, 6);
INSERT INTO licences (licence_id, cle_licence, date_expiration, logiciel_id, eleve_id)
VALUES (7, 'LIC-STU-901', TO_DATE('2025-01-01','YYYY-MM-DD'), 1, 7);
INSERT INTO licences (licence_id, cle_licence, date_expiration, logiciel_id, eleve_id)
VALUES (8, 'LIC-VWX-012', TO_DATE('2025-02-01','YYYY-MM-DD'), 2, 8);
INSERT INTO licences (licence_id, cle_licence, date_expiration, logiciel_id, eleve_id)
VALUES (9, 'LIC-YZA-345', TO_DATE('2025-03-01','YYYY-MM-DD'), 3, 9);
INSERT INTO licences (licence_id, cle_licence, date_expiration, logiciel_id, eleve_id)
VALUES (10, 'LIC-BCD-678', TO_DATE('2025-04-01','YYYY-MM-DD'), 4, 10);
INSERT INTO licences (licence_id, cle_licence, date_expiration, logiciel_id, eleve_id)
VALUES (11, 'LIC-EFG-901', TO_DATE('2025-05-01','YYYY-MM-DD'), 5, 11);
INSERT INTO licences (licence_id, cle_licence, date_expiration, logiciel_id, eleve_id)
VALUES (12, 'LIC-HIJ-234', TO_DATE('2025-06-01','YYYY-MM-DD'), 6, 12);
INSERT INTO licences (licence_id, cle_licence, date_expiration, logiciel_id, eleve_id)
VALUES (13, 'LIC-KLM-567', TO_DATE('2025-07-01','YYYY-MM-DD'), 1, 13);
INSERT INTO licences (licence_id, cle_licence, date_expiration, logiciel_id, eleve_id)
VALUES (14, 'LIC-NOP-890', TO_DATE('2025-08-01','YYYY-MM-DD'), 2, 14);
INSERT INTO licences (licence_id, cle_licence, date_expiration, logiciel_id, eleve_id)
VALUES (15, 'LIC-QRS-123', TO_DATE('2025-09-01','YYYY-MM-DD'), 3, 15);
INSERT INTO licences (licence_id, cle_licence, date_expiration, logiciel_id, eleve_id)
VALUES (16, 'LIC-TUV-456', TO_DATE('2025-10-01','YYYY-MM-DD'), 4, 16);
INSERT INTO licences (licence_id, cle_licence, date_expiration, logiciel_id, eleve_id)
VALUES (17, 'LIC-WXY-789', TO_DATE('2025-11-01','YYYY-MM-DD'), 5, 17);
INSERT INTO licences (licence_id, cle_licence, date_expiration, logiciel_id, eleve_id)
VALUES (18, 'LIC-ZAB-012', TO_DATE('2025-12-01','YYYY-MM-DD'), 6, 18);
INSERT INTO licences (licence_id, cle_licence, date_expiration, logiciel_id, eleve_id)
VALUES (19, 'LIC-CDE-345', TO_DATE('2026-01-01','YYYY-MM-DD'), 1, 19);
INSERT INTO licences (licence_id, cle_licence, date_expiration, logiciel_id, eleve_id)
VALUES (20, 'LIC-EFG-678', TO_DATE('2026-02-01','YYYY-MM-DD'), 2, 20);
INSERT INTO licences (licence_id, cle_licence, date_expiration, logiciel_id, eleve_id)
VALUES (21, 'LIC-HIJ-901', TO_DATE('2026-03-01','YYYY-MM-DD'), 3, 21);
INSERT INTO licences (licence_id, cle_licence, date_expiration, logiciel_id, eleve_id)
VALUES (22, 'LIC-KLM-234', TO_DATE('2026-04-01','YYYY-MM-DD'), 4, 22);
INSERT INTO licences (licence_id, cle_licence, date_expiration, logiciel_id, eleve_id)
VALUES (23, 'LIC-NOP-567', TO_DATE('2026-05-01','YYYY-MM-DD'), 5, 23);
INSERT INTO licences (licence_id, cle_licence, date_expiration, logiciel_id, eleve_id)
VALUES (24, 'LIC-QRS-890', TO_DATE('2026-06-01','YYYY-MM-DD'), 6, 24);
INSERT INTO licences (licence_id, cle_licence, date_expiration, logiciel_id, eleve_id)
VALUES (25, 'LIC-TUV-123', TO_DATE('2026-07-01','YYYY-MM-DD'), 1, 25);
INSERT INTO licences (licence_id, cle_licence, date_expiration, logiciel_id, eleve_id)
VALUES (26, 'LIC-WXY-456', TO_DATE('2026-08-01','YYYY-MM-DD'), 2, 26);
INSERT INTO licences (licence_id, cle_licence, date_expiration, logiciel_id, eleve_id)
VALUES (27, 'LIC-ZAB-789', TO_DATE('2026-09-01','YYYY-MM-DD'), 3, 27);
INSERT INTO licences (licence_id, cle_licence, date_expiration, logiciel_id, eleve_id)
VALUES (28, 'LIC-CDE-012', TO_DATE('2026-10-01','YYYY-MM-DD'), 4, 28);
INSERT INTO licences (licence_id, cle_licence, date_expiration, logiciel_id, eleve_id)
VALUES (29, 'LIC-EFG-345', TO_DATE('2026-11-01','YYYY-MM-DD'), 5, 29);
INSERT INTO licences (licence_id, cle_licence, date_expiration, logiciel_id, eleve_id)
VALUES (30, 'LIC-HIJ-678', TO_DATE('2026-12-01','YYYY-MM-DD'), 6, 30);
INSERT INTO licences (licence_id, cle_licence, date_expiration, logiciel_id, eleve_id)
VALUES (31, 'LIC-KLM-890', TO_DATE('2027-01-01','YYYY-MM-DD'), 1, 31);
INSERT INTO licences (licence_id, cle_licence, date_expiration, logiciel_id, eleve_id)
VALUES (32, 'LIC-NOP-012', TO_DATE('2027-02-01','YYYY-MM-DD'), 2, 32);
INSERT INTO licences (licence_id, cle_licence, date_expiration, logiciel_id, eleve_id)
VALUES (33, 'LIC-QRS-234', TO_DATE('2027-03-01','YYYY-MM-DD'), 3, 33);
INSERT INTO licences (licence_id, cle_licence, date_expiration, logiciel_id, eleve_id)
VALUES (34, 'LIC-TUV-567', TO_DATE('2027-04-01','YYYY-MM-DD'), 4, 34);
INSERT INTO licences (licence_id, cle_licence, date_expiration, logiciel_id, eleve_id)
VALUES (35, 'LIC-WXY-890', TO_DATE('2027-05-01','YYYY-MM-DD'), 5, 35);
INSERT INTO licences (licence_id, cle_licence, date_expiration, logiciel_id, eleve_id)
VALUES (36, 'LIC-ZAB-123', TO_DATE('2027-06-01','YYYY-MM-DD'), 6, 36);
INSERT INTO licences (licence_id, cle_licence, date_expiration, logiciel_id, eleve_id)
VALUES (37, 'LIC-CDE-678', TO_DATE('2027-07-01','YYYY-MM-DD'), 1, 37);
INSERT INTO licences (licence_id, cle_licence, date_expiration, logiciel_id, eleve_id)
VALUES (38, 'LIC-EFG-901', TO_DATE('2027-08-01','YYYY-MM-DD'), 2, 38);
INSERT INTO licences (licence_id, cle_licence, date_expiration, logiciel_id, eleve_id)
VALUES (39, 'LIC-HIJ-012', TO_DATE('2027-09-01','YYYY-MM-DD'), 3, 39);
INSERT INTO licences (licence_id, cle_licence, date_expiration, logiciel_id, eleve_id)
VALUES (40, 'LIC-KLM-234', TO_DATE('2027-10-01','YYYY-MM-DD'), 4, 40);
INSERT INTO licences (licence_id, cle_licence, date_expiration, logiciel_id, eleve_id)
VALUES (41, 'LIC-NOP-567', TO_DATE('2027-11-01','YYYY-MM-DD'), 5, 41);
INSERT INTO licences (licence_id, cle_licence, date_expiration, logiciel_id, eleve_id)
VALUES (42, 'LIC-QRS-890', TO_DATE('2027-12-01','YYYY-MM-DD'), 6, 42);
INSERT INTO licences (licence_id, cle_licence, date_expiration, logiciel_id, eleve_id)
VALUES (43, 'LIC-TUV-123', TO_DATE('2028-01-01','YYYY-MM-DD'), 1, 43);
INSERT INTO licences (licence_id, cle_licence, date_expiration, logiciel_id, eleve_id)
VALUES (44, 'LIC-WXY-456', TO_DATE('2028-02-01','YYYY-MM-DD'), 2, 44);
INSERT INTO licences (licence_id, cle_licence, date_expiration, logiciel_id, eleve_id)
VALUES (45, 'LIC-ZAB-789', TO_DATE('2028-03-01','YYYY-MM-DD'), 3, 45);
INSERT INTO licences (licence_id, cle_licence, date_expiration, logiciel_id, eleve_id)
VALUES (46, 'LIC-CDE-012', TO_DATE('2028-04-01','YYYY-MM-DD'), 4, 46);
INSERT INTO licences (licence_id, cle_licence, date_expiration, logiciel_id, eleve_id)
VALUES (47, 'LIC-EFG-345', TO_DATE('2028-05-01','YYYY-MM-DD'), 5, 47);
INSERT INTO licences (licence_id, cle_licence, date_expiration, logiciel_id, eleve_id)
VALUES (48, 'LIC-HIJ-678', TO_DATE('2028-06-01','YYYY-MM-DD'), 6, 48);
INSERT INTO licences (licence_id, cle_licence, date_expiration, logiciel_id, eleve_id)
VALUES (49, 'LIC-KLM-901', TO_DATE('2028-07-01','YYYY-MM-DD'), 1, 49);
INSERT INTO licences (licence_id, cle_licence, date_expiration, logiciel_id, eleve_id)
VALUES (50, 'LIC-NOP-234', TO_DATE('2028-08-01','YYYY-MM-DD'), 2, 50);
INSERT INTO licences (licence_id, cle_licence, date_expiration, logiciel_id, eleve_id)
VALUES (51, 'LIC-QRS-567', TO_DATE('2028-09-01','YYYY-MM-DD'), 3, 51);
INSERT INTO licences (licence_id, cle_licence, date_expiration, logiciel_id, eleve_id)
VALUES (52, 'LIC-TUV-890', TO_DATE('2028-10-01','YYYY-MM-DD'), 4, 52);
INSERT INTO licences (licence_id, cle_licence, date_expiration, logiciel_id, eleve_id)
VALUES (53, 'LIC-WXY-123', TO_DATE('2028-11-01','YYYY-MM-DD'), 5, 53);
INSERT INTO licences (licence_id, cle_licence, date_expiration, logiciel_id, eleve_id)
VALUES (54, 'LIC-ZAB-456', TO_DATE('2028-12-01','YYYY-MM-DD'), 6, 54);
INSERT INTO licences (licence_id, cle_licence, date_expiration, logiciel_id, eleve_id)
VALUES (55, 'LIC-CDE-789', TO_DATE('2029-01-01','YYYY-MM-DD'), 1, 55);
INSERT INTO licences (licence_id, cle_licence, date_expiration, logiciel_id, eleve_id)
VALUES (56, 'LIC-EFG-012', TO_DATE('2029-02-01','YYYY-MM-DD'), 2, 56);
INSERT INTO licences (licence_id, cle_licence, date_expiration, logiciel_id, eleve_id)
VALUES (57, 'LIC-HIJ-345', TO_DATE('2029-03-01','YYYY-MM-DD'), 3, 57);
INSERT INTO licences (licence_id, cle_licence, date_expiration, logiciel_id, eleve_id)
VALUES (58, 'LIC-KLM-678', TO_DATE('2029-04-01','YYYY-MM-DD'), 4, 58);
INSERT INTO licences (licence_id, cle_licence, date_expiration, logiciel_id, eleve_id)
VALUES (59, 'LIC-NOP-901', TO_DATE('2029-05-01','YYYY-MM-DD'), 5, 59);
INSERT INTO licences (licence_id, cle_licence, date_expiration, logiciel_id, eleve_id)
VALUES (60, 'LIC-QRS-234', TO_DATE('2029-06-01','YYYY-MM-DD'), 6, 60);
INSERT INTO licences (licence_id, cle_licence, date_expiration, logiciel_id, eleve_id)
VALUES (61, 'LIC-TUV-567', TO_DATE('2029-07-01','YYYY-MM-DD'), 1, 61);
INSERT INTO licences (licence_id, cle_licence, date_expiration, logiciel_id, eleve_id)
VALUES (62, 'LIC-WXY-890', TO_DATE('2029-08-01','YYYY-MM-DD'), 2, 62);
INSERT INTO licences (licence_id, cle_licence, date_expiration, logiciel_id, eleve_id)
VALUES (63, 'LIC-ZAB-123', TO_DATE('2029-09-01','YYYY-MM-DD'), 3, 63);
INSERT INTO licences (licence_id, cle_licence, date_expiration, logiciel_id, eleve_id)
VALUES (64, 'LIC-CDE-456', TO_DATE('2029-10-01','YYYY-MM-DD'), 4, 64);
INSERT INTO licences (licence_id, cle_licence, date_expiration, logiciel_id, eleve_id)
VALUES (65, 'LIC-EFG-789', TO_DATE('2029-11-01','YYYY-MM-DD'), 5, 65);
INSERT INTO licences (licence_id, cle_licence, date_expiration, logiciel_id, eleve_id)
VALUES (66, 'LIC-HIJ-012', TO_DATE('2029-12-01','YYYY-MM-DD'), 6, 66);
INSERT INTO licences (licence_id, cle_licence, date_expiration, logiciel_id, eleve_id)
VALUES (67, 'LIC-KLM-345', TO_DATE('2030-01-01','YYYY-MM-DD'), 1, 67);
INSERT INTO licences (licence_id, cle_licence, date_expiration, logiciel_id, eleve_id)
VALUES (68, 'LIC-NOP-678', TO_DATE('2030-02-01','YYYY-MM-DD'), 2, 68);
INSERT INTO licences (licence_id, cle_licence, date_expiration, logiciel_id, eleve_id)
VALUES (69, 'LIC-QRS-901', TO_DATE('2030-03-01','YYYY-MM-DD'), 3, 69);
INSERT INTO licences (licence_id, cle_licence, date_expiration, logiciel_id, eleve_id)
VALUES (70, 'LIC-TUV-234', TO_DATE('2030-04-01','YYYY-MM-DD'), 4, 70);
INSERT INTO licences (licence_id, cle_licence, date_expiration, logiciel_id, eleve_id)
VALUES (71, 'LIC-WXY-567', TO_DATE('2030-05-01','YYYY-MM-DD'), 5, 71);
INSERT INTO licences (licence_id, cle_licence, date_expiration, logiciel_id, eleve_id)
VALUES (72, 'LIC-ZAB-890', TO_DATE('2030-06-01','YYYY-MM-DD'), 6, 72);
INSERT INTO licences (licence_id, cle_licence, date_expiration, logiciel_id, eleve_id)
VALUES (73, 'LIC-CDE-123', TO_DATE('2030-07-01','YYYY-MM-DD'), 1, 73);
INSERT INTO licences (licence_id, cle_licence, date_expiration, logiciel_id, eleve_id)
VALUES (74, 'LIC-EFG-456', TO_DATE('2030-08-01','YYYY-MM-DD'), 2, 74);
INSERT INTO licences (licence_id, cle_licence, date_expiration, logiciel_id, eleve_id)
VALUES (75, 'LIC-HIJ-789', TO_DATE('2030-09-01','YYYY-MM-DD'), 3, 75);
INSERT INTO licences (licence_id, cle_licence, date_expiration, logiciel_id, eleve_id)
VALUES (76, 'LIC-KLM-012', TO_DATE('2030-10-01','YYYY-MM-DD'), 4, 76);
INSERT INTO licences (licence_id, cle_licence, date_expiration, logiciel_id, eleve_id)
VALUES (77, 'LIC-NOP-345', TO_DATE('2030-11-01','YYYY-MM-DD'), 5, 77);
INSERT INTO licences (licence_id, cle_licence, date_expiration, logiciel_id, eleve_id)
VALUES (78, 'LIC-QRS-678', TO_DATE('2030-12-01','YYYY-MM-DD'), 6, 78);
INSERT INTO licences (licence_id, cle_licence, date_expiration, logiciel_id, eleve_id)
VALUES (79, 'LIC-TUV-901', TO_DATE('2031-01-01','YYYY-MM-DD'), 1, 79);
INSERT INTO licences (licence_id, cle_licence, date_expiration, logiciel_id, eleve_id)
VALUES (80, 'LIC-WXY-234', TO_DATE('2031-02-01','YYYY-MM-DD'), 2, 80);
INSERT INTO licences (licence_id, cle_licence, date_expiration, logiciel_id, eleve_id)
VALUES (81, 'LIC-ZAB-567', TO_DATE('2031-03-01','YYYY-MM-DD'), 3, 81);
INSERT INTO licences (licence_id, cle_licence, date_expiration, logiciel_id, eleve_id)
VALUES (82, 'LIC-CDE-890', TO_DATE('2031-04-01','YYYY-MM-DD'), 4, 82);
INSERT INTO licences (licence_id, cle_licence, date_expiration, logiciel_id, eleve_id)
VALUES (83, 'LIC-EFG-123', TO_DATE('2031-05-01','YYYY-MM-DD'), 5, 83);
INSERT INTO licences (licence_id, cle_licence, date_expiration, logiciel_id, eleve_id)
VALUES (84, 'LIC-HIJ-456', TO_DATE('2031-06-01','YYYY-MM-DD'), 6, 84);
INSERT INTO licences (licence_id, cle_licence, date_expiration, logiciel_id, eleve_id)
VALUES (85, 'LIC-KLM-789', TO_DATE('2031-07-01','YYYY-MM-DD'), 1, 85);
INSERT INTO licences (licence_id, cle_licence, date_expiration, logiciel_id, eleve_id)
VALUES (86, 'LIC-NOP-012', TO_DATE('2031-08-01','YYYY-MM-DD'), 2, 86);
INSERT INTO licences (licence_id, cle_licence, date_expiration, logiciel_id, eleve_id)
VALUES (87, 'LIC-QRS-345', TO_DATE('2031-09-01','YYYY-MM-DD'), 3, 87);
INSERT INTO licences (licence_id, cle_licence, date_expiration, logiciel_id, eleve_id)
VALUES (88, 'LIC-TUV-678', TO_DATE('2031-10-01','YYYY-MM-DD'), 4, 88);
INSERT INTO licences (licence_id, cle_licence, date_expiration, logiciel_id, eleve_id)
VALUES (89, 'LIC-WXY-901', TO_DATE('2031-11-01','YYYY-MM-DD'), 5, 89);
INSERT INTO licences (licence_id, cle_licence, date_expiration, logiciel_id, eleve_id)
VALUES (90, 'LIC-ZAB-234', TO_DATE('2031-12-01','YYYY-MM-DD'), 6, 90);


-- H. Insertion de données dans logs (30 enregistrements)
INSERT INTO logs (log_id, action, date_action, eleve_id, ticket_id)
VALUES (1, 'Création du ticket', CURRENT_TIMESTAMP, 1, 1);
INSERT INTO logs (log_id, action, date_action, eleve_id, ticket_id)
VALUES (2, 'Mise à jour du ticket', CURRENT_TIMESTAMP, 2, 2);
INSERT INTO logs (log_id, action, date_action, eleve_id, ticket_id)
VALUES (3, 'Fermeture du ticket', CURRENT_TIMESTAMP, 3, 3);
INSERT INTO logs (log_id, action, date_action, eleve_id, ticket_id)
VALUES (4, 'Réouverture du ticket', CURRENT_TIMESTAMP, 4, 4);
INSERT INTO logs (log_id, action, date_action, eleve_id, ticket_id)
VALUES (5, 'Assignation du ticket', CURRENT_TIMESTAMP, 5, 5);
INSERT INTO logs (log_id, action, date_action, eleve_id, ticket_id)
VALUES (6, 'Mise à jour du ticket', CURRENT_TIMESTAMP, 6, 6);
INSERT INTO logs (log_id, action, date_action, eleve_id, ticket_id)
VALUES (7, 'Création du ticket', CURRENT_TIMESTAMP, 7, 7);
INSERT INTO logs (log_id, action, date_action, eleve_id, ticket_id)
VALUES (8, 'Mise à jour du ticket', CURRENT_TIMESTAMP, 8, 8);
INSERT INTO logs (log_id, action, date_action, eleve_id, ticket_id)
VALUES (9, 'Fermeture du ticket', CURRENT_TIMESTAMP, 9, 9);
INSERT INTO logs (log_id, action, date_action, eleve_id, ticket_id)
VALUES (10, 'Réouverture du ticket', CURRENT_TIMESTAMP, 10, 10);
INSERT INTO logs (log_id, action, date_action, eleve_id, ticket_id)
VALUES (11, 'Assignation du ticket', CURRENT_TIMESTAMP, 11, 11);
INSERT INTO logs (log_id, action, date_action, eleve_id, ticket_id)
VALUES (12, 'Mise à jour du ticket', CURRENT_TIMESTAMP, 12, 12);
INSERT INTO logs (log_id, action, date_action, eleve_id, ticket_id)
VALUES (13, 'Création du ticket', CURRENT_TIMESTAMP, 13, 13);
INSERT INTO logs (log_id, action, date_action, eleve_id, ticket_id)
VALUES (14, 'Mise à jour du ticket', CURRENT_TIMESTAMP, 14, 14);
INSERT INTO logs (log_id, action, date_action, eleve_id, ticket_id)
VALUES (15, 'Fermeture du ticket', CURRENT_TIMESTAMP, 15, 15);
INSERT INTO logs (log_id, action, date_action, eleve_id, ticket_id)
VALUES (16, 'Réouverture du ticket', CURRENT_TIMESTAMP, 16, 16);
INSERT INTO logs (log_id, action, date_action, eleve_id, ticket_id)
VALUES (17, 'Assignation du ticket', CURRENT_TIMESTAMP, 17, 17);
INSERT INTO logs (log_id, action, date_action, eleve_id, ticket_id)
VALUES (18, 'Mise à jour du ticket', CURRENT_TIMESTAMP, 18, 18);
INSERT INTO logs (log_id, action, date_action, eleve_id, ticket_id)
VALUES (19, 'Création du ticket', CURRENT_TIMESTAMP, 19, 19);
INSERT INTO logs (log_id, action, date_action, eleve_id, ticket_id)
VALUES (20, 'Mise à jour du ticket', CURRENT_TIMESTAMP, 20, 20);
INSERT INTO logs (log_id, action, date_action, eleve_id, ticket_id)
VALUES (21, 'Fermeture du ticket', CURRENT_TIMESTAMP, 21, 21);
INSERT INTO logs (log_id, action, date_action, eleve_id, ticket_id)
VALUES (22, 'Réouverture du ticket', CURRENT_TIMESTAMP, 22, 22);
INSERT INTO logs (log_id, action, date_action, eleve_id, ticket_id)
VALUES (23, 'Assignation du ticket', CURRENT_TIMESTAMP, 23, 23);
INSERT INTO logs (log_id, action, date_action, eleve_id, ticket_id)
VALUES (24, 'Mise à jour du ticket', CURRENT_TIMESTAMP, 24, 24);
INSERT INTO logs (log_id, action, date_action, eleve_id, ticket_id)
VALUES (25, 'Création du ticket', CURRENT_TIMESTAMP, 25, 25);
INSERT INTO logs (log_id, action, date_action, eleve_id, ticket_id)
VALUES (26, 'Mise à jour du ticket', CURRENT_TIMESTAMP, 26, 26);
INSERT INTO logs (log_id, action, date_action, eleve_id, ticket_id)
VALUES (27, 'Fermeture du ticket', CURRENT_TIMESTAMP, 27, 27);
INSERT INTO logs (log_id, action, date_action, eleve_id, ticket_id)
VALUES (28, 'Réouverture du ticket', CURRENT_TIMESTAMP, 28, 28);
INSERT INTO logs (log_id, action, date_action, eleve_id, ticket_id)
VALUES (29, 'Assignation du ticket', CURRENT_TIMESTAMP, 29, 29);
INSERT INTO logs (log_id, action, date_action, eleve_id, ticket_id)
VALUES (30, 'Mise à jour du ticket', CURRENT_TIMESTAMP, 30, 30);
INSERT INTO logs (log_id, action, date_action, eleve_id, ticket_id)
VALUES (31, 'Création du ticket', CURRENT_TIMESTAMP, 31, 31);
INSERT INTO logs (log_id, action, date_action, eleve_id, ticket_id)
VALUES (32, 'Mise à jour du ticket', CURRENT_TIMESTAMP, 32, 32);
INSERT INTO logs (log_id, action, date_action, eleve_id, ticket_id)
VALUES (33, 'Fermeture du ticket', CURRENT_TIMESTAMP, 33, 33);
INSERT INTO logs (log_id, action, date_action, eleve_id, ticket_id)
VALUES (34, 'Réouverture du ticket', CURRENT_TIMESTAMP, 34, 34);
INSERT INTO logs (log_id, action, date_action, eleve_id, ticket_id)
VALUES (35, 'Assignation du ticket', CURRENT_TIMESTAMP, 35, 35);
INSERT INTO logs (log_id, action, date_action, eleve_id, ticket_id)
VALUES (36, 'Mise à jour du ticket', CURRENT_TIMESTAMP, 36, 36);
INSERT INTO logs (log_id, action, date_action, eleve_id, ticket_id)
VALUES (37, 'Création du ticket', CURRENT_TIMESTAMP, 37, 37);
INSERT INTO logs (log_id, action, date_action, eleve_id, ticket_id)
VALUES (38, 'Mise à jour du ticket', CURRENT_TIMESTAMP, 38, 38);
INSERT INTO logs (log_id, action, date_action, eleve_id, ticket_id)
VALUES (39, 'Fermeture du ticket', CURRENT_TIMESTAMP, 39, 39);
INSERT INTO logs (log_id, action, date_action, eleve_id, ticket_id)
VALUES (40, 'Réouverture du ticket', CURRENT_TIMESTAMP, 40, 40);
INSERT INTO logs (log_id, action, date_action, eleve_id, ticket_id)
VALUES (41, 'Assignation du ticket', CURRENT_TIMESTAMP, 41, 41);
INSERT INTO logs (log_id, action, date_action, eleve_id, ticket_id)
VALUES (42, 'Mise à jour du ticket', CURRENT_TIMESTAMP, 42, 42);
INSERT INTO logs (log_id, action, date_action, eleve_id, ticket_id)
VALUES (43, 'Création du ticket', CURRENT_TIMESTAMP, 43, 43);
INSERT INTO logs (log_id, action, date_action, eleve_id, ticket_id)
VALUES (44, 'Mise à jour du ticket', CURRENT_TIMESTAMP, 44, 44);
INSERT INTO logs (log_id, action, date_action, eleve_id, ticket_id)
VALUES (45, 'Fermeture du ticket', CURRENT_TIMESTAMP, 45, 45);
INSERT INTO logs (log_id, action, date_action, eleve_id, ticket_id)
VALUES (46, 'Réouverture du ticket', CURRENT_TIMESTAMP, 46, 46);
INSERT INTO logs (log_id, action, date_action, eleve_id, ticket_id)
VALUES (47, 'Assignation du ticket', CURRENT_TIMESTAMP, 47, 47);
INSERT INTO logs (log_id, action, date_action, eleve_id, ticket_id)
VALUES (48, 'Mise à jour du ticket', CURRENT_TIMESTAMP, 48, 48);
INSERT INTO logs (log_id, action, date_action, eleve_id, ticket_id)
VALUES (49, 'Création du ticket', CURRENT_TIMESTAMP, 49, 49);
INSERT INTO logs (log_id, action, date_action, eleve_id, ticket_id)
VALUES (50, 'Mise à jour du ticket', CURRENT_TIMESTAMP, 50, 50);
INSERT INTO logs (log_id, action, date_action, eleve_id, ticket_id)
VALUES (51, 'Fermeture du ticket', CURRENT_TIMESTAMP, 51, 51);
INSERT INTO logs (log_id, action, date_action, eleve_id, ticket_id)
VALUES (52, 'Réouverture du ticket', CURRENT_TIMESTAMP, 52, 52);
INSERT INTO logs (log_id, action, date_action, eleve_id, ticket_id)
VALUES (53, 'Assignation du ticket', CURRENT_TIMESTAMP, 53, 53);
INSERT INTO logs (log_id, action, date_action, eleve_id, ticket_id)
VALUES (54, 'Mise à jour du ticket', CURRENT_TIMESTAMP, 54, 54);
INSERT INTO logs (log_id, action, date_action, eleve_id, ticket_id)
VALUES (55, 'Création du ticket', CURRENT_TIMESTAMP, 55, 55);
INSERT INTO logs (log_id, action, date_action, eleve_id, ticket_id)
VALUES (56, 'Mise à jour du ticket', CURRENT_TIMESTAMP, 56, 56);
INSERT INTO logs (log_id, action, date_action, eleve_id, ticket_id)
VALUES (57, 'Fermeture du ticket', CURRENT_TIMESTAMP, 57, 57);
INSERT INTO logs (log_id, action, date_action, eleve_id, ticket_id)
VALUES (58, 'Réouverture du ticket', CURRENT_TIMESTAMP, 58, 58);
INSERT INTO logs (log_id, action, date_action, eleve_id, ticket_id)
VALUES (59, 'Assignation du ticket', CURRENT_TIMESTAMP, 59, 59);
INSERT INTO logs (log_id, action, date_action, eleve_id, ticket_id)
VALUES (60, 'Mise à jour du ticket', CURRENT_TIMESTAMP, 60, 60);
INSERT INTO logs (log_id, action, date_action, eleve_id, ticket_id)
VALUES (61, 'Création du ticket', CURRENT_TIMESTAMP, 61, 61);
INSERT INTO logs (log_id, action, date_action, eleve_id, ticket_id)
VALUES (62, 'Mise à jour du ticket', CURRENT_TIMESTAMP, 62, 62);
INSERT INTO logs (log_id, action, date_action, eleve_id, ticket_id)
VALUES (63, 'Fermeture du ticket', CURRENT_TIMESTAMP, 63, 63);
INSERT INTO logs (log_id, action, date_action, eleve_id, ticket_id)
VALUES (64, 'Réouverture du ticket', CURRENT_TIMESTAMP, 64, 64);
INSERT INTO logs (log_id, action, date_action, eleve_id, ticket_id)
VALUES (65, 'Assignation du ticket', CURRENT_TIMESTAMP, 65, 65);
INSERT INTO logs (log_id, action, date_action, eleve_id, ticket_id)
VALUES (66, 'Mise à jour du ticket', CURRENT_TIMESTAMP, 66, 66);
INSERT INTO logs (log_id, action, date_action, eleve_id, ticket_id)
VALUES (67, 'Création du ticket', CURRENT_TIMESTAMP, 67, 67);
INSERT INTO logs (log_id, action, date_action, eleve_id, ticket_id)
VALUES (68, 'Mise à jour du ticket', CURRENT_TIMESTAMP, 68, 68);
INSERT INTO logs (log_id, action, date_action, eleve_id, ticket_id)
VALUES (69, 'Fermeture du ticket', CURRENT_TIMESTAMP, 69, 69);
INSERT INTO logs (log_id, action, date_action, eleve_id, ticket_id)
VALUES (70, 'Réouverture du ticket', CURRENT_TIMESTAMP, 70, 70);
INSERT INTO logs (log_id, action, date_action, eleve_id, ticket_id)
VALUES (71, 'Assignation du ticket', CURRENT_TIMESTAMP, 71, 71);
INSERT INTO logs (log_id, action, date_action, eleve_id, ticket_id)
VALUES (72, 'Mise à jour du ticket', CURRENT_TIMESTAMP, 72, 72);
INSERT INTO logs (log_id, action, date_action, eleve_id, ticket_id)
VALUES (73, 'Création du ticket', CURRENT_TIMESTAMP, 73, 73);
INSERT INTO logs (log_id, action, date_action, eleve_id, ticket_id)
VALUES (74, 'Mise à jour du ticket', CURRENT_TIMESTAMP, 74, 74);
INSERT INTO logs (log_id, action, date_action, eleve_id, ticket_id)
VALUES (75, 'Fermeture du ticket', CURRENT_TIMESTAMP, 75, 75);
INSERT INTO logs (log_id, action, date_action, eleve_id, ticket_id)
VALUES (76, 'Réouverture du ticket', CURRENT_TIMESTAMP, 76, 76);
INSERT INTO logs (log_id, action, date_action, eleve_id, ticket_id)
VALUES (77, 'Assignation du ticket', CURRENT_TIMESTAMP, 77, 77);
INSERT INTO logs (log_id, action, date_action, eleve_id, ticket_id)
VALUES (78, 'Mise à jour du ticket', CURRENT_TIMESTAMP, 78, 78);
INSERT INTO logs (log_id, action, date_action, eleve_id, ticket_id)
VALUES (79, 'Création du ticket', CURRENT_TIMESTAMP, 79, 79);
INSERT INTO logs (log_id, action, date_action, eleve_id, ticket_id)
VALUES (80, 'Mise à jour du ticket', CURRENT_TIMESTAMP, 80, 80);
INSERT INTO logs (log_id, action, date_action, eleve_id, ticket_id)
VALUES (81, 'Fermeture du ticket', CURRENT_TIMESTAMP, 81, 81);
INSERT INTO logs (log_id, action, date_action, eleve_id, ticket_id)
VALUES (82, 'Réouverture du ticket', CURRENT_TIMESTAMP, 82, 82);
INSERT INTO logs (log_id, action, date_action, eleve_id, ticket_id)
VALUES (83, 'Assignation du ticket', CURRENT_TIMESTAMP, 83, 83);
INSERT INTO logs (log_id, action, date_action, eleve_id, ticket_id)
VALUES (84, 'Mise à jour du ticket', CURRENT_TIMESTAMP, 84, 84);
INSERT INTO logs (log_id, action, date_action, eleve_id, ticket_id)
VALUES (85, 'Création du ticket', CURRENT_TIMESTAMP, 85, 85);
INSERT INTO logs (log_id, action, date_action, eleve_id, ticket_id)
VALUES (86, 'Mise à jour du ticket', CURRENT_TIMESTAMP, 86, 86);
INSERT INTO logs (log_id, action, date_action, eleve_id, ticket_id)
VALUES (87, 'Fermeture du ticket', CURRENT_TIMESTAMP, 87, 87);
INSERT INTO logs (log_id, action, date_action, eleve_id, ticket_id)
VALUES (88, 'Réouverture du ticket', CURRENT_TIMESTAMP, 88, 88);
INSERT INTO logs (log_id, action, date_action, eleve_id, ticket_id)
VALUES (89, 'Assignation du ticket', CURRENT_TIMESTAMP, 89, 89);
INSERT INTO logs (log_id, action, date_action, eleve_id, ticket_id)
VALUES (90, 'Mise à jour du ticket', CURRENT_TIMESTAMP, 90, 90);
